SELECT timestamp '    2017-07-23    13:10:11   ';

+-----------------------------+
| Utf8("2017-07-23 13:10:11") |
+-----------------------------+
| 2017-07-23T13:10:11         |
+-----------------------------+

SELECT timestamp '    2017-07-23 13:10:11    ';

+-----------------------------+
| Utf8("2017-07-23 13:10:11") |
+-----------------------------+
| 2017-07-23T13:10:11         |
+-----------------------------+

CREATE TABLE timestamp_with_precision (ts TIMESTAMP(6) TIME INDEX, cnt INT);

Affected Rows: 0

INSERT INTO timestamp_with_precision(ts,cnt) VALUES ('2023-04-04 08:00:00.0052+0000', 1);

Affected Rows: 1

INSERT INTO timestamp_with_precision(ts,cnt) VALUES ('2023-04-04 08:00:00.0052+0800', 2);

Affected Rows: 1

SELECT * FROM timestamp_with_precision ORDER BY ts ASC;

+----------------------------+-----+
| ts                         | cnt |
+----------------------------+-----+
| 2023-04-04T00:00:00.005200 | 2   |
| 2023-04-04T08:00:00.005200 | 1   |
+----------------------------+-----+

DROP TABLE timestamp_with_precision;

Affected Rows: 1

