CREATE TABLE integers(i BIGINT TIME INDEX);

Affected Rows: 0

INSERT INTO integers VALUES (1), (2), (3);

Affected Rows: 3

SELECT DISTINCT i%2 FROM integers ORDER BY 1;

+-----------------------+
| integers.i % Int64(2) |
+-----------------------+
| 0                     |
| 1                     |
+-----------------------+

SELECT DISTINCT i % 2 FROM integers WHERE i<3 ORDER BY i;

+-----------------------+
| integers.i % Int64(2) |
+-----------------------+
| 1                     |
| 0                     |
+-----------------------+

SELECT DISTINCT ON (1) i % 2, i FROM integers WHERE i<3 ORDER BY i;

Error: 1001(Unsupported), SQL statement is not supported:  SELECT DISTINCT ON (1) i % 2, i FROM integers WHERE i<3 ORDER BY i;, keyword: %

SELECT DISTINCT integers.i FROM integers ORDER BY i DESC;

+---+
| i |
+---+
| 3 |
| 2 |
| 1 |
+---+

SELECT DISTINCT i FROM integers ORDER BY integers.i DESC;

+---+
| i |
+---+
| 3 |
| 2 |
| 1 |
+---+

SELECT DISTINCT integers.i FROM integers ORDER BY integers.i DESC;

+---+
| i |
+---+
| 3 |
| 2 |
| 1 |
+---+

DROP TABLE integers;

Affected Rows: 1

