-- Migrated from DuckDB test: test/sql/aggregate/aggregates/test_string_agg.test
-- Test STRING_AGG operator
-- test string aggregation on scalar values
SELECT STRING_AGG('a',',');

+---------------------------------+
| string_agg(Utf8("a"),Utf8(",")) |
+---------------------------------+
| a                               |
+---------------------------------+

-- test string aggregation on scalar values with NULL
SELECT STRING_AGG('a',','), STRING_AGG(NULL,','), STRING_AGG('a', NULL), STRING_AGG(NULL,NULL);

+---------------------------------+----------------------------+----------------------------+-----------------------+
| string_agg(Utf8("a"),Utf8(",")) | string_agg(NULL,Utf8(",")) | string_agg(Utf8("a"),NULL) | string_agg(NULL,NULL) |
+---------------------------------+----------------------------+----------------------------+-----------------------+
| a                               |                            | a                          |                       |
+---------------------------------+----------------------------+----------------------------+-----------------------+

-- test string aggregation on a set of values
CREATE TABLE strings(g INTEGER, x VARCHAR, y VARCHAR, ts TIMESTAMP TIME INDEX);

Affected Rows: 0

INSERT INTO strings VALUES
    (1,'a','/', 1000), (1,'b','-', 2000),
    (2,'i','/', 3000), (2,NULL,'-', 4000), (2,'j','+', 5000),
    (3,'p','/', 6000),
    (4,'x','/', 7000), (4,'y','-', 8000), (4,'z','+', 9000);

Affected Rows: 9

SELECT g, STRING_AGG(x,'|') FROM strings GROUP BY g ORDER BY g;

Error: 3001(EngineExecuteQuery), Invalid argument error: column types must match schema types, expected LargeUtf8 but found Utf8 at column index 1

-- test agg on empty set
SELECT STRING_AGG(x,',') FROM strings WHERE g > 100;

Error: 3001(EngineExecuteQuery), Invalid argument error: column types must match schema types, expected LargeUtf8 but found Utf8 at column index 0

-- string_agg can be used instead of group_concat
SELECT string_agg('a', ',');

+---------------------------------+
| string_agg(Utf8("a"),Utf8(",")) |
+---------------------------------+
| a                               |
+---------------------------------+

SELECT string_agg('a', ',');

+---------------------------------+
| string_agg(Utf8("a"),Utf8(",")) |
+---------------------------------+
| a                               |
+---------------------------------+

SELECT g, string_agg(x, ',') FROM strings GROUP BY g ORDER BY g;

Error: 3001(EngineExecuteQuery), Invalid argument error: column types must match schema types, expected LargeUtf8 but found Utf8 at column index 1

-- Test ORDER BY
-- Single group
SELECT STRING_AGG(x, '' ORDER BY x ASC), STRING_AGG(x, '|' ORDER BY x ASC) FROM strings;

Error: 3001(EngineExecuteQuery), Invalid argument error: column types must match schema types, expected LargeUtf8 but found Utf8 at column index 0

SELECT STRING_AGG(x, '' ORDER BY x DESC), STRING_AGG(x,'|' ORDER BY x DESC) FROM strings;

Error: 3001(EngineExecuteQuery), Invalid argument error: column types must match schema types, expected LargeUtf8 but found Utf8 at column index 0

-- Grouped with ORDER BY
SELECT g, STRING_AGG(x, '' ORDER BY x ASC), STRING_AGG(x, '|' ORDER BY x ASC) FROM strings GROUP BY g ORDER BY g;

Error: 3001(EngineExecuteQuery), Invalid argument error: column types must match schema types, expected LargeUtf8 but found Utf8 at column index 1

SELECT g, STRING_AGG(x, '' ORDER BY x DESC), STRING_AGG(x,'|' ORDER BY x DESC) FROM strings GROUP BY g ORDER BY g;

Error: 3001(EngineExecuteQuery), Invalid argument error: column types must match schema types, expected LargeUtf8 but found Utf8 at column index 1

-- Test with DISTINCT
SELECT STRING_AGG(DISTINCT x, '' ORDER BY x), STRING_AGG(DISTINCT x, '|' ORDER BY x) FROM strings;

Error: 3001(EngineExecuteQuery), Invalid argument error: column types must match schema types, expected LargeUtf8 but found Utf8 at column index 0

SELECT g, STRING_AGG(DISTINCT x, '' ORDER BY x) FROM strings GROUP BY g ORDER BY g;

Error: 3001(EngineExecuteQuery), Invalid argument error: column types must match schema types, expected LargeUtf8 but found Utf8 at column index 1

-- cleanup
DROP TABLE strings;

Affected Rows: 0

