-- description: Test usage of the NAN value
-- FLOAT type
-- nan as a constant
SELECT 'NAN'::FLOAT;

+-------------+
| Utf8("NAN") |
+-------------+
| NaN         |
+-------------+

-- storing nan in a table
CREATE TABLE floats(f FLOAT, ts TIMESTAMP TIME INDEX);

Affected Rows: 0

INSERT INTO floats VALUES ('NAN'::FLOAT, 1), (1::FLOAT, 2);

Affected Rows: 2

SELECT * FROM floats;

+-----+-------------------------+
| f   | ts                      |
+-----+-------------------------+
| NaN | 1970-01-01T00:00:00.001 |
| 1.0 | 1970-01-01T00:00:00.002 |
+-----+-------------------------+

-- nan comparison
-- Note, NaN is equals to itself in datafusion and greater than other float or double values.
SELECT 'nan'::FLOAT = 'nan'::FLOAT;

+---------------------------+
| Utf8("nan") = Utf8("nan") |
+---------------------------+
| true                      |
+---------------------------+

SELECT 'nan'::FLOAT <> 'nan'::FLOAT;

+----------------------------+
| Utf8("nan") != Utf8("nan") |
+----------------------------+
| false                      |
+----------------------------+

SELECT 'nan'::FLOAT <> 3.0::FLOAT;

+---------------------------+
| Utf8("nan") != Float64(3) |
+---------------------------+
| true                      |
+---------------------------+

-- table filters on nan
-- =
SELECT f FROM floats WHERE f=1;

+-----+
| f   |
+-----+
| 1.0 |
+-----+

SELECT f FROM floats WHERE f='nan'::FLOAT;

+-----+
| f   |
+-----+
| NaN |
+-----+

-- <>
SELECT f FROM floats WHERE f<>1;

+-----+
| f   |
+-----+
| NaN |
+-----+

SELECT f FROM floats WHERE f<>'nan'::FLOAT;

+-----+
| f   |
+-----+
| 1.0 |
+-----+

-- >
SELECT f FROM floats WHERE f>0;

+-----+
| f   |
+-----+
| NaN |
| 1.0 |
+-----+

SELECT f FROM floats WHERE f>'nan'::FLOAT;

++
++

-- >=
SELECT f FROM floats WHERE f>=1;

+-----+
| f   |
+-----+
| NaN |
| 1.0 |
+-----+

SELECT f FROM floats WHERE f>='nan'::FLOAT;

+-----+
| f   |
+-----+
| NaN |
+-----+

-- <
SELECT f FROM floats WHERE f<1;

++
++

SELECT f FROM floats WHERE f<'nan'::FLOAT;

+-----+
| f   |
+-----+
| 1.0 |
+-----+

-- <=
SELECT f FROM floats WHERE f<=1;

+-----+
| f   |
+-----+
| 1.0 |
+-----+

SELECT f FROM floats WHERE f<='nan'::FLOAT;

+-----+
| f   |
+-----+
| NaN |
| 1.0 |
+-----+

DROP TABLE floats;

Affected Rows: 1

-- DOUBLE type
-- nan as a constant
SELECT 'NAN'::DOUBLE;

+-------------+
| Utf8("NAN") |
+-------------+
| NaN         |
+-------------+

-- storing nan in a table
CREATE TABLE doubles(d DOUBLE, ts TIMESTAMP TIME INDEX);

Affected Rows: 0

INSERT INTO doubles VALUES ('NAN'::DOUBLE, 1), (1::DOUBLE, 2);

Affected Rows: 2

SELECT * FROM doubles;

+-----+-------------------------+
| d   | ts                      |
+-----+-------------------------+
| NaN | 1970-01-01T00:00:00.001 |
| 1.0 | 1970-01-01T00:00:00.002 |
+-----+-------------------------+

-- nan comparison
SELECT 'nan'::DOUBLE = 'nan'::DOUBLE;

+---------------------------+
| Utf8("nan") = Utf8("nan") |
+---------------------------+
| true                      |
+---------------------------+

SELECT 'nan'::DOUBLE <> 'nan'::DOUBLE;

+----------------------------+
| Utf8("nan") != Utf8("nan") |
+----------------------------+
| false                      |
+----------------------------+

SELECT 'nan'::DOUBLE <> 3.0::DOUBLE;

+---------------------------+
| Utf8("nan") != Float64(3) |
+---------------------------+
| true                      |
+---------------------------+

-- table filters on nan
-- =
SELECT d FROM doubles WHERE d=1;

+-----+
| d   |
+-----+
| 1.0 |
+-----+

SELECT d FROM doubles WHERE d='nan'::DOUBLE;

+-----+
| d   |
+-----+
| NaN |
+-----+

-- <>
SELECT d FROM doubles WHERE d<>1;

+-----+
| d   |
+-----+
| NaN |
+-----+

SELECT d FROM doubles WHERE d<>'nan'::DOUBLE;

+-----+
| d   |
+-----+
| 1.0 |
+-----+

-- >
SELECT d FROM doubles WHERE d>0;

+-----+
| d   |
+-----+
| NaN |
| 1.0 |
+-----+

SELECT d FROM doubles WHERE d>'nan'::DOUBLE;

++
++

-- >=
SELECT d FROM doubles WHERE d>=1;

+-----+
| d   |
+-----+
| NaN |
| 1.0 |
+-----+

SELECT d FROM doubles WHERE d>='nan'::DOUBLE;

+-----+
| d   |
+-----+
| NaN |
+-----+

-- <
SELECT d FROM doubles WHERE d<1;

++
++

SELECT d FROM doubles WHERE d<'nan'::DOUBLE;

+-----+
| d   |
+-----+
| 1.0 |
+-----+

-- <=
SELECT d FROM doubles WHERE d<=1;

+-----+
| d   |
+-----+
| 1.0 |
+-----+

SELECT d FROM doubles WHERE d<='nan'::DOUBLE;

+-----+
| d   |
+-----+
| NaN |
| 1.0 |
+-----+

DROP TABLE doubles;

Affected Rows: 1

