-- description: Test NaN and inf joins
-- group: [float]
-- FLOAT type
CREATE TABLE floats(f FLOAT, ts TIMESTAMP TIME INDEX);

Affected Rows: 0

INSERT INTO floats VALUES ('inf'::FLOAT, 1), ('-inf'::FLOAT, 2), ('nan'::FLOAT, 3);

Affected Rows: 3

SELECT * FROM floats JOIN (SELECT 'inf'::FLOAT) tbl(f) USING (f);

+-----+-------------------------+
| f   | ts                      |
+-----+-------------------------+
| inf | 1970-01-01T00:00:00.001 |
+-----+-------------------------+

SELECT * FROM floats JOIN (SELECT '-inf'::FLOAT) tbl(f) USING (f);

+------+-------------------------+
| f    | ts                      |
+------+-------------------------+
| -inf | 1970-01-01T00:00:00.002 |
+------+-------------------------+

SELECT * FROM floats JOIN (SELECT 'inf'::FLOAT) tbl(f) ON (floats.f >= tbl.f) ORDER BY 1;

+-----+-------------------------+-----+
| f   | ts                      | f   |
+-----+-------------------------+-----+
| inf | 1970-01-01T00:00:00.001 | inf |
| NaN | 1970-01-01T00:00:00.003 | inf |
+-----+-------------------------+-----+

SELECT * FROM floats JOIN (SELECT 'inf'::FLOAT) tbl(f) ON (floats.f <= tbl.f) ORDER BY 1;

+------+-------------------------+-----+
| f    | ts                      | f   |
+------+-------------------------+-----+
| -inf | 1970-01-01T00:00:00.002 | inf |
| inf  | 1970-01-01T00:00:00.001 | inf |
+------+-------------------------+-----+

SELECT * FROM floats JOIN (SELECT '-inf'::FLOAT, 'inf'::FLOAT) tbl(f,g) ON (floats.f >= tbl.f AND floats.f <= tbl.g) ORDER BY 1;

+------+-------------------------+------+-----+
| f    | ts                      | f    | g   |
+------+-------------------------+------+-----+
| -inf | 1970-01-01T00:00:00.002 | -inf | inf |
| inf  | 1970-01-01T00:00:00.001 | -inf | inf |
+------+-------------------------+------+-----+

DROP TABLE floats;

Affected Rows: 0

-- DOUBLE type
CREATE TABLE doubles(d DOUBLE, ts TIMESTAMP TIME INDEX);

Affected Rows: 0

INSERT INTO doubles VALUES ('inf'::DOUBLE, 1), ('-inf'::DOUBLE, 2), ('nan'::DOUBLE, 3);

Affected Rows: 3

SELECT * FROM doubles JOIN (SELECT 'inf'::DOUBLE) tbl(d) USING (d);

+-----+-------------------------+
| d   | ts                      |
+-----+-------------------------+
| inf | 1970-01-01T00:00:00.001 |
+-----+-------------------------+

SELECT * FROM doubles JOIN (SELECT '-inf'::DOUBLE) tbl(d) USING (d);

+------+-------------------------+
| d    | ts                      |
+------+-------------------------+
| -inf | 1970-01-01T00:00:00.002 |
+------+-------------------------+

SELECT * FROM doubles JOIN (SELECT 'inf'::DOUBLE) tbl(d) ON (doubles.d >= tbl.d) ORDER BY 1;

+-----+-------------------------+-----+
| d   | ts                      | d   |
+-----+-------------------------+-----+
| inf | 1970-01-01T00:00:00.001 | inf |
| NaN | 1970-01-01T00:00:00.003 | inf |
+-----+-------------------------+-----+

SELECT * FROM doubles JOIN (SELECT 'inf'::DOUBLE) tbl(d) ON (doubles.d <= tbl.d) ORDER BY 1;

+------+-------------------------+-----+
| d    | ts                      | d   |
+------+-------------------------+-----+
| -inf | 1970-01-01T00:00:00.002 | inf |
| inf  | 1970-01-01T00:00:00.001 | inf |
+------+-------------------------+-----+

SELECT * FROM doubles JOIN (SELECT '-inf'::DOUBLE, 'inf'::DOUBLE) tbl(d,g) ON (doubles.d >= tbl.d AND doubles.d <= tbl.g) ORDER BY 1;

+------+-------------------------+------+-----+
| d    | ts                      | d    | g   |
+------+-------------------------+------+-----+
| -inf | 1970-01-01T00:00:00.002 | -inf | inf |
| inf  | 1970-01-01T00:00:00.001 | -inf | inf |
+------+-------------------------+------+-----+

DROP TABLE doubles;

Affected Rows: 0

