CREATE TABLE test_distinct (a INTEGER, b INTEGER, t BIGINT TIME INDEX);

Affected Rows: 0

INSERT INTO test_distinct VALUES (11, 22, 1), (13, 22, 2), (11, 21, 3), (11, 22, 4);

Affected Rows: 4

SELECT DISTINCT a, b FROM test_distinct ORDER BY a, b;

+----+----+
| a  | b  |
+----+----+
| 11 | 21 |
| 11 | 22 |
| 13 | 22 |
+----+----+

SELECT DISTINCT test_distinct.a, b FROM test_distinct ORDER BY a, b;

+----+----+
| a  | b  |
+----+----+
| 11 | 21 |
| 11 | 22 |
| 13 | 22 |
+----+----+

SELECT DISTINCT a FROM test_distinct ORDER BY a;

+----+
| a  |
+----+
| 11 |
| 13 |
+----+

SELECT DISTINCT b FROM test_distinct ORDER BY b;

+----+
| b  |
+----+
| 21 |
| 22 |
+----+

SELECT DISTINCT a, SUM(B) FROM test_distinct GROUP BY a ORDER BY a;

+----+----------------------+
| a  | SUM(test_distinct.b) |
+----+----------------------+
| 11 | 65                   |
| 13 | 22                   |
+----+----------------------+

SELECT DISTINCT MAX(b) FROM test_distinct GROUP BY a;

+----------------------+
| MAX(test_distinct.b) |
+----------------------+
| 22                   |
+----------------------+

SELECT DISTINCT CASE WHEN a > 11 THEN 11 ELSE a END FROM test_distinct;

+-------------------------------------------------------------------------------+
| CASE WHEN test_distinct.a > Int64(11) THEN Int64(11) ELSE test_distinct.a END |
+-------------------------------------------------------------------------------+
| 11                                                                            |
+-------------------------------------------------------------------------------+

DROP TABLE test_distinct;

Affected Rows: 1

