CREATE TABLE test (a INTEGER, b INTEGER, t BIGINT TIME INDEX);

MutateResult { success: 1, failure: 0 }

INSERT INTO test VALUES (11, 22, 1), (13, 22, 2), (11, 21, 3), (11, 22, 4);

MutateResult { success: 4, failure: 0 }

SELECT DISTINCT a, b FROM test ORDER BY a, b;

+-------------------+-------------------+
| a, #Field, #Int32 | b, #Field, #Int32 |
+-------------------+-------------------+
| 11                | 21                |
| 11                | 22                |
| 13                | 22                |
+-------------------+-------------------+

SELECT DISTINCT test.a, b FROM test ORDER BY a, b;

+-------------------+-------------------+
| a, #Field, #Int32 | b, #Field, #Int32 |
+-------------------+-------------------+
| 11                | 21                |
| 11                | 22                |
| 13                | 22                |
+-------------------+-------------------+

SELECT DISTINCT a FROM test ORDER BY a;

+-------------------+
| a, #Field, #Int32 |
+-------------------+
| 11                |
| 13                |
+-------------------+

SELECT DISTINCT b FROM test ORDER BY b;

+-------------------+
| b, #Field, #Int32 |
+-------------------+
| 21                |
| 22                |
+-------------------+

SELECT DISTINCT a, SUM(B) FROM test GROUP BY a ORDER BY a;

+-------------------+-----------------------------+
| a, #Field, #Int32 | SUM(test.b), #Field, #Int64 |
+-------------------+-----------------------------+
| 11                | 65                          |
| 13                | 22                          |
+-------------------+-----------------------------+

SELECT DISTINCT MAX(b) FROM test GROUP BY a;

+-----------------------------+
| MAX(test.b), #Field, #Int32 |
+-----------------------------+
| 22                          |
+-----------------------------+

SELECT DISTINCT CASE WHEN a > 11 THEN 11 ELSE a END FROM test;

+-----------------------------------------------------------------------------+
| CASE WHEN test.a > Int64(11) THEN Int64(11) ELSE test.a END, #Field, #Int64 |
+-----------------------------------------------------------------------------+
| 11                                                                          |
+-----------------------------------------------------------------------------+

DROP TABLE test;

MutateResult { success: 1, failure: 0 }

