CREATE TABLE monitor (host STRING, ts TIMESTAMP, cpu DOUBLE DEFAULT 0, memory DOUBLE, TIME INDEX (ts), PRIMARY KEY(host));

Affected Rows: 0

INSERT INTO monitor(ts, host, cpu, memory) VALUES
(1691746332000, 'host1', 66.6, 1024),
(1691746332000, 'host2', 66.6, 1024),
(1691746332000, 'host3', 66.6, 1024),
(1691746333000, 'host1', 77.7, 2048),
(1691746333000, 'host2', 77.7, 2048),
(1691746333000, 'host3', 77.7, 2048),
(1691746334000, 'host1', 88.8, 4096),
(1691746334000, 'host2', 88.8, 4096),
(1691746334000, 'host3', 88.8, 4096);

Affected Rows: 9

SELECT ts, host, cpu, memory FROM monitor ORDER BY ts;

+---------------------+-------+------+--------+
| ts                  | host  | cpu  | memory |
+---------------------+-------+------+--------+
| 2023-08-11T09:32:12 | host1 | 66.6 | 1024.0 |
| 2023-08-11T09:32:12 | host2 | 66.6 | 1024.0 |
| 2023-08-11T09:32:12 | host3 | 66.6 | 1024.0 |
| 2023-08-11T09:32:13 | host1 | 77.7 | 2048.0 |
| 2023-08-11T09:32:13 | host2 | 77.7 | 2048.0 |
| 2023-08-11T09:32:13 | host3 | 77.7 | 2048.0 |
| 2023-08-11T09:32:14 | host1 | 88.8 | 4096.0 |
| 2023-08-11T09:32:14 | host2 | 88.8 | 4096.0 |
| 2023-08-11T09:32:14 | host3 | 88.8 | 4096.0 |
+---------------------+-------+------+--------+

TRUNCATE monitor;

Affected Rows: 0

INSERT INTO monitor(ts, host, cpu, memory) VALUES 
(1691746335000, 'host1', 99.9, 8192),
(1691746335000, 'host2', 99.9, 8192),
(1691746335000, 'host3', 99.9, 8192);

Affected Rows: 3

SELECT ts, host, cpu, memory FROM monitor ORDER BY ts;

+---------------------+-------+------+--------+
| ts                  | host  | cpu  | memory |
+---------------------+-------+------+--------+
| 2023-08-11T09:32:15 | host1 | 99.9 | 8192.0 |
| 2023-08-11T09:32:15 | host2 | 99.9 | 8192.0 |
| 2023-08-11T09:32:15 | host3 | 99.9 | 8192.0 |
+---------------------+-------+------+--------+

DROP TABLE monitor;

Affected Rows: 1

