SELECT 2*3+1;

+------------------------------------------------+
| Int64(2) * Int64(3) + Int64(1), #Field, #Int64 |
+------------------------------------------------+
| 7                                              |
+------------------------------------------------+

SELECT 1+2*3;

+------------------------------------------------+
| Int64(1) + Int64(2) * Int64(3), #Field, #Int64 |
+------------------------------------------------+
| 7                                              |
+------------------------------------------------+

SELECT 2^2 + 1;

+------------------------------------------------+
| Int64(2) # Int64(2) + Int64(1), #Field, #Int64 |
+------------------------------------------------+
| 1                                              |
+------------------------------------------------+

SELECT 1+2^2;

+------------------------------------------------+
| Int64(1) + Int64(2) # Int64(2), #Field, #Int64 |
+------------------------------------------------+
| 1                                              |
+------------------------------------------------+

SELECT 2*4 / 2;

+------------------------------------------------+
| Int64(2) * Int64(4) / Int64(2), #Field, #Int64 |
+------------------------------------------------+
| 4                                              |
+------------------------------------------------+

SELECT 2*(4 / 2);

+------------------------------------------------+
| Int64(2) * Int64(4) / Int64(2), #Field, #Int64 |
+------------------------------------------------+
| 4                                              |
+------------------------------------------------+

SELECT 16/2*4;

+-------------------------------------------------+
| Int64(16) / Int64(2) * Int64(4), #Field, #Int64 |
+-------------------------------------------------+
| 32                                              |
+-------------------------------------------------+

SELECT (16/2)*4;

+-------------------------------------------------+
| Int64(16) / Int64(2) * Int64(4), #Field, #Int64 |
+-------------------------------------------------+
| 32                                              |
+-------------------------------------------------+

SELECT 2*3*2;

+------------------------------------------------+
| Int64(2) * Int64(3) * Int64(2), #Field, #Int64 |
+------------------------------------------------+
| 12                                             |
+------------------------------------------------+

SELECT 2^3*2;

+------------------------------------------------+
| Int64(2) # Int64(3) * Int64(2), #Field, #Int64 |
+------------------------------------------------+
| 4                                              |
+------------------------------------------------+

SELECT 2*3^2;

+------------------------------------------------+
| Int64(2) * Int64(3) # Int64(2), #Field, #Int64 |
+------------------------------------------------+
| 4                                              |
+------------------------------------------------+

