CREATE TABLE integers(i BIGINT, time index(i));

Affected Rows: 0

INSERT INTO integers VALUES (0), (1), (2), (3), (4), (5), (6), (7), (8), (9), (0), (1), (2), (3), (4), (5), (6), (7), (8), (9), (0), (1), (2), (3), (4), (5), (6), (7), (8), (9), (0), (1), (2), (3), (4), (5), (6), (7), (8), (9), (0), (1), (2), (3), (4), (5), (6), (7), (8), (9), (0), (1), (2), (3), (4), (5), (6), (7), (8), (9), (0), (1), (2), (3), (4), (5), (6), (7), (8), (9), (0), (1), (2), (3), (4), (5), (6), (7), (8), (9), (0), (1), (2), (3), (4), (5), (6), (7), (8), (9), (0), (1), (2), (3), (4), (5), (6), (7), (8), (9), (0), (1), (2), (3), (4), (5), (6), (7), (8), (9), (0), (1), (2), (3), (4), (5), (6), (7), (8), (9), (0), (1), (2), (3), (4), (5), (6), (7), (8), (9), (0), (1), (2), (3), (4), (5), (6), (7), (8), (9), (0), (1), (2), (3), (4), (5), (6), (7), (8), (9), (0), (1), (2), (3), (4), (5), (6), (7), (8), (9), (0), (1), (2), (3), (4), (5), (6), (7), (8), (9), (0), (1), (2), (3), (4), (5), (6), (7), (8), (9), (0), (1), (2), (3), (4), (5), (6), (7), (8), (9), (0), (1), (2), (3), (4), (5), (6), (7), (8), (9), (0), (1), (2), (3), (4), (5), (6), (7), (8), (9), (0), (1), (2), (3), (4), (5), (6), (7), (8), (9), (0), (1), (2), (3), (4), (5), (6), (7), (8), (9), (0), (1), (2), (3), (4), (5), (6), (7), (8), (9), (0), (1), (2), (3), (4), (5), (6), (7), (8), (9), (0), (1), (2), (3), (4), (5), (6), (7), (8), (9), (0), (1), (2), (3), (4), (5), (6), (7), (8), (9), (0), (1), (2), (3), (4), (5), (6), (7), (8), (9), (0), (1), (2), (3), (4), (5), (6), (7), (8), (9), (0), (1), (2), (3), (4), (5), (6), (7), (8), (9), (0), (1), (2), (3), (4), (5), (6), (7), (8), (9), (0), (1), (2), (3), (4), (5), (6), (7), (8), (9), (0), (1), (2), (3), (4), (5), (6), (7), (8), (9), (0), (1), (2), (3), (4), (5), (6), (7), (8), (9), (0), (1), (2), (3), (4), (5), (6), (7), (8), (9), (0), (1), (2), (3), (4), (5), (6), (7), (8), (9), (0), (1), (2), (3), (4), (5), (6), (7), (8), (9), (0), (1), (2), (3), (4), (5), (6), (7), (8), (9), (0), (1), (2), (3), (4), (5), (6), (7), (8), (9), (0), (1), (2), (3), (4), (5), (6), (7), (8), (9), (0), (1), (2), (3), (4), (5), (6), (7), (8), (9), (0), (1), (2), (3), (4), (5), (6), (7), (8), (9), (0), (1), (2), (3), (4), (5), (6), (7), (8), (9), (0), (1), (2), (3), (4), (5), (6), (7), (8), (9), (0), (1), (2), (3), (4), (5), (6), (7), (8), (9), (0), (1), (2), (3), (4), (5), (6), (7), (8), (9), (0), (1), (2), (3), (4), (5), (6), (7), (8), (9), (0), (1), (2), (3), (4), (5), (6), (7), (8), (9), (0), (1), (2), (3), (4), (5), (6), (7), (8), (9), (0), (1), (2), (3), (4), (5), (6), (7), (8), (9), (0), (1), (2), (3), (4), (5), (6), (7), (8), (9), (0), (1), (2), (3), (4), (5), (6), (7), (8), (9), (0), (1), (2), (3), (4), (5), (6), (7), (8), (9), (0), (1), (2), (3), (4), (5), (6), (7), (8), (9), (0), (1), (2), (3), (4), (5), (6), (7), (8), (9), (0), (1), (2), (3), (4), (5), (6), (7), (8), (9), (0), (1), (2), (3), (4), (5), (6), (7), (8), (9), (0), (1), (2), (3), (4), (5), (6), (7), (8), (9), (0), (1), (2), (3), (4), (5), (6), (7), (8), (9), (0), (1), (2), (3), (4), (5), (6), (7), (8), (9), (0), (1), (2), (3), (4), (5), (6), (7), (8), (9), (0), (1), (2), (3), (4), (5), (6), (7), (8), (9), (0), (1), (2), (3), (4), (5), (6), (7), (8), (9), (0), (1), (2), (3), (4), (5), (6), (7), (8), (9), (0), (1), (2), (3), (4), (5), (6), (7), (8), (9), (0), (1), (2), (3), (4), (5), (6), (7), (8), (9), (0), (1), (2), (3), (4), (5), (6), (7), (8), (9), (0), (1), (2), (3), (4), (5), (6), (7), (8), (9), (0), (1), (2), (3), (4), (5), (6), (7), (8), (9), (0), (1), (2), (3), (4), (5), (6), (7), (8), (9), (0), (1), (2), (3), (4), (5), (6), (7), (8), (9), (0), (1), (2), (3), (4), (5), (6), (7), (8), (9), (0), (1), (2), (3), (4), (5), (6), (7), (8), (9), (0), (1), (2), (3), (4), (5), (6), (7), (8), (9), (0), (1), (2), (3), (4), (5), (6), (7), (8), (9), (0), (1), (2), (3), (4), (5), (6), (7), (8), (9), (0), (1), (2), (3), (4), (5), (6), (7), (8), (9), (0), (1), (2), (3), (4), (5), (6), (7), (8), (9), (0), (1), (2), (3), (4), (5), (6), (7), (8), (9), (0), (1), (2), (3), (4), (5), (6), (7), (8), (9), (0), (1), (2), (3), (4), (5), (6), (7), (8), (9), (0), (1), (2), (3), (4), (5), (6), (7), (8), (9), (0), (1), (2), (3), (4), (5), (6), (7), (8), (9), (0), (1), (2), (3), (4), (5), (6), (7), (8), (9), (0), (1), (2), (3), (4), (5), (6), (7), (8), (9), (0), (1), (2), (3), (4), (5), (6), (7), (8), (9), (0), (1), (2), (3), (4), (5), (6), (7), (8), (9), (0), (1), (2), (3), (4), (5), (6), (7), (8), (9), (0), (1), (2), (3), (4), (5), (6), (7), (8), (9), (0), (1), (2), (3), (4), (5), (6), (7), (8), (9), (0), (1), (2), (3), (4), (5), (6), (7), (8), (9), (0), (1), (2), (3), (4), (5), (6), (7), (8), (9), (0), (1), (2), (3), (4), (5), (6), (7), (8), (9), (0), (1), (2), (3), (4), (5), (6), (7), (8), (9), (0), (1), (2), (3), (4), (5), (6), (7), (8), (9), (0), (1), (2), (3), (4), (5), (6), (7), (8), (9), (0), (1), (2), (3), (4), (5), (6), (7), (8), (9), (0), (1), (2), (3), (4), (5), (6), (7), (8), (9), (0), (1), (2), (3), (4), (5), (6), (7), (8), (9), (0), (1), (2), (3), (4), (5), (6), (7), (8), (9), (0), (1), (2), (3), (4), (5), (6), (7), (8), (9), (0), (1), (2), (3), (4), (5), (6), (7), (8), (9), (0), (1), (2), (3), (4), (5), (6), (7), (8), (9), (0), (1), (2), (3), (4), (5), (6), (7), (8), (9), (0), (1), (2), (3), (4), (5), (6), (7), (8), (9);

Affected Rows: 1050

SELECT COUNT(*) FROM integers;

+-----------------+
| COUNT(UInt8(1)) |
+-----------------+
| 10              |
+-----------------+

DROP TABLE integers;

Affected Rows: 1

CREATE TABLE integers(i BIGINT, j INTEGER, time index(i));

Affected Rows: 0

INSERT INTO integers VALUES (3, 4), (4, 3);

Affected Rows: 2

SELECT * FROM integers;

+---+---+
| i | j |
+---+---+
| 3 | 4 |
| 4 | 3 |
+---+---+

DROP TABLE integers;

Affected Rows: 1

