CREATE TABLE test1 (i INTEGER, j TIMESTAMP TIME INDEX, k STRING DEFAULT 'blabla');

Affected Rows: 0

INSERT INTO test1 VALUES (DEFAULT);

Error: 1004(InvalidArguments), Columns and values number mismatch, columns: 3, values: 1

INSERT INTO test1 VALUES (DEFAULT, DEFAULT, DEFAULT);

Error: 1004(InvalidArguments), No valid default value can be built automatically, column: j

INSERT INTO test1 VALUES (DEFAULT, DEFAULT, DEFAULT, DEFAULT);

Error: 1004(InvalidArguments), Columns and values number mismatch, columns: 3, values: 4

INSERT INTO test1 VALUES (DEFAULT, 1, DEFAULT), (default, 2, default), (DeFaUlT, 3, DeFaUlT), (dEfAuLt, 4, dEfAuLt);

Affected Rows: 4

SELECT * FROM test1;

+---+-------------------------+--------+
| i | j                       | k      |
+---+-------------------------+--------+
|   | 1970-01-01T00:00:00.001 | blabla |
|   | 1970-01-01T00:00:00.002 | blabla |
|   | 1970-01-01T00:00:00.003 | blabla |
|   | 1970-01-01T00:00:00.004 | blabla |
+---+-------------------------+--------+

CREATE TABLE test2 (i INTEGER, j TIMESTAMP TIME INDEX DEFAULT CURRENT_TIMESTAMP, k STRING DEFAULT 'blabla');

Affected Rows: 0

INSERT INTO test2 VALUES (1,1,'a'), (default, 2, default), (3,3,'b'), (default, 4, default), (5, 5, 'c');

Affected Rows: 5

INSERT INTO test2 VALUES (6, 6, default), (7, 7, 'd'), (default, 8, 'e');

Affected Rows: 3

SELECT * FROM test2;

+---+-------------------------+--------+
| i | j                       | k      |
+---+-------------------------+--------+
| 1 | 1970-01-01T00:00:00.001 | a      |
|   | 1970-01-01T00:00:00.002 | blabla |
| 3 | 1970-01-01T00:00:00.003 | b      |
|   | 1970-01-01T00:00:00.004 | blabla |
| 5 | 1970-01-01T00:00:00.005 | c      |
| 6 | 1970-01-01T00:00:00.006 | blabla |
| 7 | 1970-01-01T00:00:00.007 | d      |
|   | 1970-01-01T00:00:00.008 | e      |
+---+-------------------------+--------+

DROP TABLE test1;

Affected Rows: 1

DROP TABLE test2;

Affected Rows: 1

