CREATE TABLE phy (ts timestamp time index, val double) engine=metric with ("physical_metric_table" = "");

Affected Rows: 0

CREATE TABLE t1 (ts timestamp time index, val double, host string primary key) engine = metric with ("on_physical_table" = "phy");

Affected Rows: 0

INSERT INTO t1 VALUES ('host1',0, 0), ('host2', 1, 1,);

Affected Rows: 2

SELECT * from t1;

+-------+-------------------------+-----+
| host  | ts                      | val |
+-------+-------------------------+-----+
| host2 | 1970-01-01T00:00:00.001 | 1.0 |
| host1 | 1970-01-01T00:00:00     | 0.0 |
+-------+-------------------------+-----+

CREATE TABLE t2 (ts timestamp time index, job string primary key, val double) engine = metric with ("on_physical_table" = "phy");

Affected Rows: 0

SELECT * from t2;

++
++

INSERT INTO t2 VALUES ('job1', 0, 0), ('job2', 1, 1);

Affected Rows: 2

SELECT * from t2;

+------+-------------------------+-----+
| job  | ts                      | val |
+------+-------------------------+-----+
| job2 | 1970-01-01T00:00:00.001 | 1.0 |
| job1 | 1970-01-01T00:00:00     | 0.0 |
+------+-------------------------+-----+

DROP TABLE t1;

Affected Rows: 0

DROP TABLE t2;

Affected Rows: 0

DESC TABLE phy;

+------------+----------------------+-----+------+---------+---------------+
| Column     | Type                 | Key | Null | Default | Semantic Type |
+------------+----------------------+-----+------+---------+---------------+
| ts         | TimestampMillisecond | PRI | NO   |         | TIMESTAMP     |
| val        | Float64              |     | YES  |         | FIELD         |
| __table_id | UInt32               | PRI | NO   |         | TAG           |
| __tsid     | UInt64               | PRI | NO   |         | TAG           |
| host       | String               | PRI | YES  |         | TAG           |
| job        | String               | PRI | YES  |         | TAG           |
+------------+----------------------+-----+------+---------+---------------+

SELECT ts, val, __tsid, host, job FROM phy;

+-------------------------+-----+----------------------+-------+------+
| ts                      | val | __tsid               | host  | job  |
+-------------------------+-----+----------------------+-------+------+
| 1970-01-01T00:00:00.001 | 1.0 | 1128149335081630826  | host2 |      |
| 1970-01-01T00:00:00     | 0.0 | 18067404594631612786 | host1 |      |
| 1970-01-01T00:00:00.001 | 1.0 | 2176048834144407834  |       | job2 |
| 1970-01-01T00:00:00     | 0.0 | 15980333303142110493 |       | job1 |
+-------------------------+-----+----------------------+-------+------+

DROP TABLE phy;

Affected Rows: 0

