CREATE TABLE phy (ts timestamp time index, val double) engine=metric with ("physical_metric_table" = "");

Affected Rows: 0

CREATE TABLE t1 (ts timestamp time index, val double, host string primary key) engine = metric with ("on_physical_table" = "phy");

Affected Rows: 0

INSERT INTO t1 VALUES (0, 0, 'host1'), (1, 1, 'host2');

Affected Rows: 2

SELECT * from t1;

+-------------------------+-----+-------+
| ts                      | val | host  |
+-------------------------+-----+-------+
| 1970-01-01T00:00:00.001 | 1.0 | host2 |
| 1970-01-01T00:00:00     | 0.0 | host1 |
+-------------------------+-----+-------+

-- TODO(ruihang): fix this. t2 should not contains data from t1
CREATE TABLE t2 (ts timestamp time index, job string primary key, val double) engine = metric with ("on_physical_table" = "phy");

Affected Rows: 0

SELECT * from t2;

+-------------------------+-----+-----+
| ts                      | job | val |
+-------------------------+-----+-----+
| 1970-01-01T00:00:00.001 |     | 1.0 |
| 1970-01-01T00:00:00     |     | 0.0 |
+-------------------------+-----+-----+

INSERT INTO t2 VALUES (0, 'job1', 0), (1, 'job2', 1);

Affected Rows: 2

SELECT * from t2;

+-------------------------+------+-----+
| ts                      | job  | val |
+-------------------------+------+-----+
| 1970-01-01T00:00:00.001 |      | 1.0 |
| 1970-01-01T00:00:00     |      | 0.0 |
| 1970-01-01T00:00:00.001 | job2 | 1.0 |
| 1970-01-01T00:00:00     | job1 | 0.0 |
+-------------------------+------+-----+

DROP TABLE t1;

Affected Rows: 0

DROP TABLE t2;

Affected Rows: 0

DROP TABLE phy;

Affected Rows: 0

