CREATE TABLE ato(i INTEGER, j TIMESTAMP TIME INDEX, PRIMARY KEY(i));

Affected Rows: 0

INSERT INTO ato VALUES(1, now()), (2, now());

Affected Rows: 2

SELECT i FROM ato;

+---+
| i |
+---+
| 1 |
| 2 |
+---+

ALTER TABLE ato SET 'ttl'='1d';

Affected Rows: 0

SELECT i FROM ato;

+---+
| i |
+---+
| 1 |
| 2 |
+---+

SHOW CREATE TABLE ato;

+-------+------------------------------------+
| Table | Create Table                       |
+-------+------------------------------------+
| ato   | CREATE TABLE IF NOT EXISTS "ato" ( |
|       |   "i" INT NULL,                    |
|       |   "j" TIMESTAMP(3) NOT NULL,       |
|       |   TIME INDEX ("j"),                |
|       |   PRIMARY KEY ("i")                |
|       | )                                  |
|       |                                    |
|       | ENGINE=mito                        |
|       | WITH(                              |
|       |   ttl = '1day'                     |
|       | )                                  |
+-------+------------------------------------+

ALTER TABLE ato SET 'ttl'='2d';

Affected Rows: 0

SELECT i FROM ato;

+---+
| i |
+---+
| 1 |
| 2 |
+---+

SHOW CREATE TABLE ato;

+-------+------------------------------------+
| Table | Create Table                       |
+-------+------------------------------------+
| ato   | CREATE TABLE IF NOT EXISTS "ato" ( |
|       |   "i" INT NULL,                    |
|       |   "j" TIMESTAMP(3) NOT NULL,       |
|       |   TIME INDEX ("j"),                |
|       |   PRIMARY KEY ("i")                |
|       | )                                  |
|       |                                    |
|       | ENGINE=mito                        |
|       | WITH(                              |
|       |   ttl = '2days'                    |
|       | )                                  |
+-------+------------------------------------+

ALTER TABLE ato SET 'ttl'=NULL;

Affected Rows: 0

SELECT i FROM ato;

+---+
| i |
+---+
| 1 |
| 2 |
+---+

SHOW CREATE TABLE ato;

+-------+------------------------------------+
| Table | Create Table                       |
+-------+------------------------------------+
| ato   | CREATE TABLE IF NOT EXISTS "ato" ( |
|       |   "i" INT NULL,                    |
|       |   "j" TIMESTAMP(3) NOT NULL,       |
|       |   TIME INDEX ("j"),                |
|       |   PRIMARY KEY ("i")                |
|       | )                                  |
|       |                                    |
|       | ENGINE=mito                        |
|       |                                    |
+-------+------------------------------------+

ALTER TABLE ato SET 'ttl'='1s';

Affected Rows: 0

SHOW CREATE TABLE ato;

+-------+------------------------------------+
| Table | Create Table                       |
+-------+------------------------------------+
| ato   | CREATE TABLE IF NOT EXISTS "ato" ( |
|       |   "i" INT NULL,                    |
|       |   "j" TIMESTAMP(3) NOT NULL,       |
|       |   TIME INDEX ("j"),                |
|       |   PRIMARY KEY ("i")                |
|       | )                                  |
|       |                                    |
|       | ENGINE=mito                        |
|       | WITH(                              |
|       |   ttl = '1s'                       |
|       | )                                  |
+-------+------------------------------------+

SELECT i FROM ato;

+---+
| i |
+---+
| 1 |
| 2 |
+---+

DROP TABLE ato;

Affected Rows: 0

