CREATE TABLE test(id INTEGER PRIMARY KEY, i INTEGER NULL, j TIMESTAMP TIME INDEX, k BOOLEAN);

Affected Rows: 0

INSERT INTO test VALUES (1, 1, 1, false), (2, 2, 2, true);

Affected Rows: 2

ALTER TABLE test ALTER COLUMN "I" TYPE STRING;

Error: 4002(TableColumnNotFound), Column I not exists in table test

ALTER TABLE test ALTER COLUMN k TYPE DATE;

Error: 1004(InvalidArguments), Invalid alter table(test) request: column 'k' cannot be cast automatically to type 'Date'

ALTER TABLE test ALTER COLUMN id TYPE STRING;

Error: 1004(InvalidArguments), Invalid alter table(test) request: Not allowed to change primary key index column 'id'

ALTER TABLE test ALTER COLUMN j TYPE STRING;

Error: 1004(InvalidArguments), Invalid alter table(test) request: Not allowed to change timestamp index column 'j' datatype

ALTER TABLE test ALTER COLUMN I TYPE STRING;

Affected Rows: 0

SELECT * FROM test;

+----+---+-------------------------+-------+
| id | i | j                       | k     |
+----+---+-------------------------+-------+
| 1  | 1 | 1970-01-01T00:00:00.001 | false |
| 2  | 2 | 1970-01-01T00:00:00.002 | true  |
+----+---+-------------------------+-------+

INSERT INTO test VALUES (3, "greptime", 3, true);

Affected Rows: 1

SELECT * FROM test;

+----+----------+-------------------------+-------+
| id | i        | j                       | k     |
+----+----------+-------------------------+-------+
| 1  | 1        | 1970-01-01T00:00:00.001 | false |
| 2  | 2        | 1970-01-01T00:00:00.002 | true  |
| 3  | greptime | 1970-01-01T00:00:00.003 | true  |
+----+----------+-------------------------+-------+

DESCRIBE test;

+--------+----------------------+-----+------+---------+---------------+
| Column | Type                 | Key | Null | Default | Semantic Type |
+--------+----------------------+-----+------+---------+---------------+
| id     | Int32                | PRI | YES  |         | TAG           |
| i      | String               |     | YES  |         | FIELD         |
| j      | TimestampMillisecond | PRI | NO   |         | TIMESTAMP     |
| k      | Boolean              |     | YES  |         | FIELD         |
+--------+----------------------+-----+------+---------+---------------+

ALTER TABLE test ALTER COLUMN I TYPE INTEGER;

Affected Rows: 0

SELECT * FROM test;

+----+---+-------------------------+-------+
| id | i | j                       | k     |
+----+---+-------------------------+-------+
| 1  | 1 | 1970-01-01T00:00:00.001 | false |
| 2  | 2 | 1970-01-01T00:00:00.002 | true  |
| 3  |   | 1970-01-01T00:00:00.003 | true  |
+----+---+-------------------------+-------+

DESCRIBE test;

+--------+----------------------+-----+------+---------+---------------+
| Column | Type                 | Key | Null | Default | Semantic Type |
+--------+----------------------+-----+------+---------+---------------+
| id     | Int32                | PRI | YES  |         | TAG           |
| i      | Int32                |     | YES  |         | FIELD         |
| j      | TimestampMillisecond | PRI | NO   |         | TIMESTAMP     |
| k      | Boolean              |     | YES  |         | FIELD         |
+--------+----------------------+-----+------+---------+---------------+

DROP TABLE test;

Affected Rows: 0

