CREATE TABLE test(i TIMESTAMP TIME INDEX, j INTEGER NOT NULL);

Affected Rows: 0

INSERT INTO test VALUES (1, 1), (2, 2);

Affected Rows: 2

SELECT * FROM test;

+-------------------------+---+
| i                       | j |
+-------------------------+---+
| 1970-01-01T00:00:00.001 | 1 |
| 1970-01-01T00:00:00.002 | 2 |
+-------------------------+---+

ALTER TABLE test MODIFY j STRING;

Error: 1004(InvalidArguments), Invalid alter table(test) request: column 'j' must be nullable to ensure safe conversion.

SELECT * FROM test;

+-------------------------+---+
| i                       | j |
+-------------------------+---+
| 1970-01-01T00:00:00.001 | 1 |
| 1970-01-01T00:00:00.002 | 2 |
+-------------------------+---+

DESCRIBE test;

+--------+----------------------+-----+------+---------+---------------+
| Column | Type                 | Key | Null | Default | Semantic Type |
+--------+----------------------+-----+------+---------+---------------+
| i      | TimestampMillisecond | PRI | NO   |         | TIMESTAMP     |
| j      | Int32                |     | NO   |         | FIELD         |
+--------+----------------------+-----+------+---------+---------------+

DROP TABLE test;

Affected Rows: 0

