CREATE TABLE test(i TIMESTAMP TIME INDEX, j INTEGER, k INTEGER NOT NULL);

Affected Rows: 0

INSERT INTO test VALUES (1, 1, 11), (2, 2, 12);

Affected Rows: 2

SELECT * FROM test;

+-------------------------+---+----+
| i                       | j | k  |
+-------------------------+---+----+
| 1970-01-01T00:00:00.001 | 1 | 11 |
| 1970-01-01T00:00:00.002 | 2 | 12 |
+-------------------------+---+----+

ALTER TABLE test DROP COLUMN j;

Affected Rows: 0

-- SQLNESS REPLACE (region\s\d+\(\d+\,\s\d+\)) region
INSERT INTO test VALUES (3, NULL);

Error: 1004(InvalidArguments), Invalid request to region, reason: column k is not null but input has null

INSERT INTO test VALUES (3, 13);

Affected Rows: 1

-- SQLNESS SORT_RESULT 3 1
SELECT * FROM test;

+-------------------------+----+
| i                       | k  |
+-------------------------+----+
| 1970-01-01T00:00:00.001 | 11 |
| 1970-01-01T00:00:00.002 | 12 |
| 1970-01-01T00:00:00.003 | 13 |
+-------------------------+----+

DROP TABLE test;

Affected Rows: 0

