CREATE TABLE test(i TIMESTAMP TIME INDEX, j INTEGER NOT NULL);

Affected Rows: 0

INSERT INTO test VALUES (1, 1), (2, 2);

Affected Rows: 2

SELECT * FROM test;

+-------------------------+---+
| i                       | j |
+-------------------------+---+
| 1970-01-01T00:00:00.001 | 1 |
| 1970-01-01T00:00:00.002 | 2 |
+-------------------------+---+

ALTER TABLE test ALTER COLUMN j TYPE STRING;

Affected Rows: 0

INSERT INTO test VALUES (3, "greptime");

Affected Rows: 1

SELECT * FROM test;

+-------------------------+----------+
| i                       | j        |
+-------------------------+----------+
| 1970-01-01T00:00:00.001 | 1        |
| 1970-01-01T00:00:00.002 | 2        |
| 1970-01-01T00:00:00.003 | greptime |
+-------------------------+----------+

DESCRIBE test;

+--------+----------------------+-----+------+---------+---------------+
| Column | Type                 | Key | Null | Default | Semantic Type |
+--------+----------------------+-----+------+---------+---------------+
| i      | TimestampMillisecond | PRI | NO   |         | TIMESTAMP     |
| j      | String               |     | NO   |         | FIELD         |
+--------+----------------------+-----+------+---------+---------------+

DROP TABLE test;

Affected Rows: 0

