CREATE TABLE t(i INTEGER, j BIGINT TIME INDEX);

Affected Rows: 0

DESC TABLE t;

+--------+-------+-----+------+---------+---------------+
| Column | Type  | Key | Null | Default | Semantic Type |
+--------+-------+-----+------+---------+---------------+
| i      | Int32 |     | YES  |         | FIELD         |
| j      | Int64 | PRI | NO   |         | TIMESTAMP     |
+--------+-------+-----+------+---------+---------------+

INSERT INTO TABLE t VALUES (1, 1), (3, 3), (NULL, 4);

Affected Rows: 3

SELECT * from t;

+---+---+
| i | j |
+---+---+
| 1 | 1 |
| 3 | 3 |
|   | 4 |
+---+---+

ALTER TABLE t RENAME new_table;

Affected Rows: 0

DESC TABLE t;

Error: 4001(TableNotFound), Table not found: t

SELECT * FROM t;

Error: 3000(PlanQuery), Error during planning: Table not found: greptime.public.t

CREATE TABLE t(i INTEGER, j BIGINT TIME INDEX);

Affected Rows: 0

DESC TABLE new_table;

+--------+-------+-----+------+---------+---------------+
| Column | Type  | Key | Null | Default | Semantic Type |
+--------+-------+-----+------+---------+---------------+
| i      | Int32 |     | YES  |         | FIELD         |
| j      | Int64 | PRI | NO   |         | TIMESTAMP     |
+--------+-------+-----+------+---------+---------------+

-- SQLNESS ARG restart=true
SELECT * FROM new_table;

+---+---+
| i | j |
+---+---+
| 1 | 1 |
| 3 | 3 |
|   | 4 |
+---+---+

ALTER TABLE new_table RENAME new_table;

Error: 4000(TableAlreadyExists), Table already exists: greptime.public.new_table

ALTER TABLE new_table RENAME t;

Error: 4000(TableAlreadyExists), Table already exists: greptime.public.t

DROP TABLE t;

Affected Rows: 1

DROP TABLE new_table;

Affected Rows: 1

