CREATE TABLE demo(host string, cpu double, memory double, ts TIMESTAMP time index);

Affected Rows: 0

insert into demo(host, cpu, memory, ts) values ('host1', 66.6, 1024, 1655276557000), ('host2', 88.8,  333.3, 1655276558000);

Affected Rows: 2

Copy demo TO '/tmp/demo/export/parquet_files/demo.parquet';

Affected Rows: 2

CREATE TABLE demo_2(host string, cpu double, memory double, ts TIMESTAMP time index);

Affected Rows: 0

insert into demo_2(host, cpu, memory, ts) values ('host3', 77.7, 1111, 1655276555000), ('host4', 99.9,  444.4, 1655276556000);

Affected Rows: 2

Copy demo_2 TO '/tmp/demo/export/parquet_files/demo_2.parquet';

Affected Rows: 2

CREATE TABLE with_filename(host string, cpu double, memory double, ts timestamp time index);

Affected Rows: 0

Copy with_filename FROM '/tmp/demo/export/parquet_files/demo.parquet';

Affected Rows: 2

select * from with_filename order by ts;

+-------+------+--------+---------------------+
| host  | cpu  | memory | ts                  |
+-------+------+--------+---------------------+
| host1 | 66.6 | 1024.0 | 2022-06-15T07:02:37 |
| host2 | 88.8 | 333.3  | 2022-06-15T07:02:38 |
+-------+------+--------+---------------------+

CREATE TABLE with_path(host string, cpu double, memory double, ts timestamp time index);

Affected Rows: 0

Copy with_path FROM '/tmp/demo/export/parquet_files/';

Affected Rows: 4

select * from with_path order by ts;

+-------+------+--------+---------------------+
| host  | cpu  | memory | ts                  |
+-------+------+--------+---------------------+
| host3 | 77.7 | 1111.0 | 2022-06-15T07:02:35 |
| host4 | 99.9 | 444.4  | 2022-06-15T07:02:36 |
| host1 | 66.6 | 1024.0 | 2022-06-15T07:02:37 |
| host2 | 88.8 | 333.3  | 2022-06-15T07:02:38 |
+-------+------+--------+---------------------+

CREATE TABLE with_pattern(host string, cpu double, memory double, ts timestamp time index);

Affected Rows: 0

Copy with_pattern FROM '/tmp/demo/export/parquet_files/' WITH (PATTERN = 'demo.*');

Affected Rows: 4

select * from with_pattern order by ts;

+-------+------+--------+---------------------+
| host  | cpu  | memory | ts                  |
+-------+------+--------+---------------------+
| host3 | 77.7 | 1111.0 | 2022-06-15T07:02:35 |
| host4 | 99.9 | 444.4  | 2022-06-15T07:02:36 |
| host1 | 66.6 | 1024.0 | 2022-06-15T07:02:37 |
| host2 | 88.8 | 333.3  | 2022-06-15T07:02:38 |
+-------+------+--------+---------------------+

CREATE TABLE without_limit_rows(host string, cpu double, memory double, ts timestamp time index);

Affected Rows: 0

Copy without_limit_rows FROM '/tmp/demo/export/parquet_files/';

Affected Rows: 4

select count(*) from without_limit_rows;

+----------+
| COUNT(*) |
+----------+
| 4        |
+----------+

CREATE TABLE with_limit_rows(host string, cpu double, memory double, ts timestamp time index);

Affected Rows: 0

Copy with_limit_rows FROM '/tmp/demo/export/parquet_files/' WITH (MAX_INSERT_ROWS = 2);

Affected Rows: 2

select count(*) from with_limit_rows;

+----------+
| COUNT(*) |
+----------+
| 2        |
+----------+

drop table demo;

Affected Rows: 0

drop table demo_2;

Affected Rows: 0

drop table with_filename;

Affected Rows: 0

drop table with_path;

Affected Rows: 0

drop table with_pattern;

Affected Rows: 0

drop table without_limit_rows;

Affected Rows: 0

drop table with_limit_rows;

Affected Rows: 0

