-- description: Test timestamp precision
CREATE TABLE ts_precision(
    sec TIMESTAMP,
    msec TIMESTAMP(3),
    micros TIMESTAMP(6),
    nanos TIMESTAMP (9) TIME INDEX
);

Affected Rows: 0

INSERT INTO ts_precision VALUES ('2020-01-01 01:23:45.123456789', '2020-01-01 01:23:45.123456789', '2020-01-01 01:23:45.123456789', '2020-01-01 01:23:45.123456789');

Affected Rows: 1

-- FIXME: nano seconds do not render correctly
SELECT CAST(sec AS VARCHAR), CAST(msec AS VARCHAR), CAST(micros AS VARCHAR), CAST(nanos AS VARCHAR) FROM ts_precision;

+-------------------------+-------------------------+----------------------------+-------------------------------+
| ts_precision.sec        | ts_precision.msec       | ts_precision.micros        | ts_precision.nanos            |
+-------------------------+-------------------------+----------------------------+-------------------------------+
| 2020-01-01T01:23:45.123 | 2020-01-01T01:23:45.123 | 2020-01-01T01:23:45.123456 | 2020-01-01T01:23:45.123456789 |
+-------------------------+-------------------------+----------------------------+-------------------------------+

SELECT EXTRACT(MICROSECONDS FROM sec), EXTRACT(MICROSECONDS FROM msec), EXTRACT(MICROSECONDS FROM micros), EXTRACT(MICROSECONDS FROM nanos) FROM ts_precision;

Error: 3001(EngineExecuteQuery), Execution error: Date part 'MICROSECONDS' not supported

-- we only support precisions 0, 3, 6, and 9
-- any other precision is rounded up (e.g. 1/2 -> 3, 4/5 -> 6, 7/8 -> 9)
SELECT TIMESTAMP '2020-01-01 01:23:45.123456789'::TIMESTAMP(0);

+---------------------------------------+
| Utf8("2020-01-01 01:23:45.123456789") |
+---------------------------------------+
| 2020-01-01T01:23:45                   |
+---------------------------------------+

SELECT TIMESTAMP '2020-01-01 01:23:45.123456789'::TIMESTAMP(3);

+---------------------------------------+
| Utf8("2020-01-01 01:23:45.123456789") |
+---------------------------------------+
| 2020-01-01T01:23:45.123               |
+---------------------------------------+

SELECT TIMESTAMP '2020-01-01 01:23:45.123456789'::TIMESTAMP(6);

+---------------------------------------+
| Utf8("2020-01-01 01:23:45.123456789") |
+---------------------------------------+
| 2020-01-01T01:23:45.123456            |
+---------------------------------------+

SELECT TIMESTAMP '2020-01-01 01:23:45.123456789'::TIMESTAMP(9);

+---------------------------------------+
| Utf8("2020-01-01 01:23:45.123456789") |
+---------------------------------------+
| 2020-01-01T01:23:45.123456789         |
+---------------------------------------+

SELECT TIMESTAMP '2020-01-01 01:23:45.12'::TIMESTAMP(3);

+--------------------------------+
| Utf8("2020-01-01 01:23:45.12") |
+--------------------------------+
| 2020-01-01T01:23:45.120        |
+--------------------------------+

SELECT TIMESTAMP '2020-01-01 01:23:45.12345'::TIMESTAMP(6);

+-----------------------------------+
| Utf8("2020-01-01 01:23:45.12345") |
+-----------------------------------+
| 2020-01-01T01:23:45.123450        |
+-----------------------------------+

SELECT TIMESTAMP '2020-01-01 01:23:45.12345678'::TIMESTAMP(9);

+--------------------------------------+
| Utf8("2020-01-01 01:23:45.12345678") |
+--------------------------------------+
| 2020-01-01T01:23:45.123456780        |
+--------------------------------------+

DROP TABLE ts_precision;

Affected Rows: 0

