CREATE TABLE metric_cte (
  ts timestamp(3) time index,
  val DOUBLE,
);

Affected Rows: 0

INSERT INTO TABLE metric_cte VALUES
  (0::Timestamp, 0),
  (5000::Timestamp, 1),
  (10000::Timestamp, 2),
  (15000::Timestamp, 3);

Affected Rows: 4

CREATE FLOW calc_cte SINK TO metric_cte_sink EVAL INTERVAL '1m' AS
WITH tql (ts, the_value) AS (
  TQL EVAL (now() - now(), now() - (now() - '15s'::interval), '5s') metric_cte
)
SELECT * FROM tql;

Affected Rows: 0

SHOW CREATE TABLE metric_cte_sink;

+-----------------+---------------------------------------------------+
| Table           | Create Table                                      |
+-----------------+---------------------------------------------------+
| metric_cte_sink | CREATE TABLE IF NOT EXISTS "metric_cte_sink" (    |
|                 |   "ts" TIMESTAMP(3) NOT NULL,                     |
|                 |   "the_value" DOUBLE NULL,                        |
|                 |   TIME INDEX ("ts")                               |
|                 | )                                                 |
|                 |                                                   |
|                 | ENGINE=mito                                       |
|                 | WITH(                                             |
|                 |   'comment' = 'Auto created table by flow engine' |
|                 | )                                                 |
+-----------------+---------------------------------------------------+

SELECT source_table_names FROM information_schema.flows WHERE flow_name = 'calc_cte';

+----------------------------+
| source_table_names         |
+----------------------------+
| greptime.public.metric_cte |
+----------------------------+

-- SQLNESS REPLACE (ADMIN\sFLUSH_FLOW\('\w+'\)\s+\|\n\+-+\+\n\|\s+)[0-9]+\s+\| $1 FLOW_FLUSHED  |
ADMIN FLUSH_FLOW('calc_cte');

+------------------------------+
| ADMIN FLUSH_FLOW('calc_cte') |
+------------------------------+
|  FLOW_FLUSHED  |
+------------------------------+

SELECT * FROM metric_cte_sink ORDER BY ts;

+---------------------+-----------+
| ts                  | the_value |
+---------------------+-----------+
| 1970-01-01T00:00:00 | 0.0       |
| 1970-01-01T00:00:05 | 1.0       |
| 1970-01-01T00:00:10 | 2.0       |
| 1970-01-01T00:00:15 | 3.0       |
+---------------------+-----------+

DROP FLOW calc_cte;

Affected Rows: 0

DROP TABLE metric_cte;

Affected Rows: 0

DROP TABLE metric_cte_sink;

Affected Rows: 0

