select 1;

+----------+
| Int64(1) |
+----------+
| 1        |
+----------+

select 2 + 3;

+---------------------+
| Int64(2) + Int64(3) |
+---------------------+
| 5                   |
+---------------------+

select 4 + 0.5;

+-------------------------+
| Int64(4) + Float64(0.5) |
+-------------------------+
| 4.5                     |
+-------------------------+

select "a";

Error: 3000(PlanQuery), No field named a.

select "A";

Error: 3000(PlanQuery), No field named "A".

select * where "a" = "A";

Error: 3000(PlanQuery), No field named a.

select TO_UNIXTIME('2023-03-01T06:35:02Z');

+-------------------------------------------+
| to_unixtime(Utf8("2023-03-01T06:35:02Z")) |
+-------------------------------------------+
| 1677652502                                |
+-------------------------------------------+

select TO_UNIXTIME(2);

+-----------------------+
| to_unixtime(Int64(2)) |
+-----------------------+
| 2                     |
+-----------------------+

create table test_a(a int, b timestamp time index);

Affected Rows: 0

DESC TABLE test_a;

+-------+----------------------+------+---------+---------------+
| Field | Type                 | Null | Default | Semantic Type |
+-------+----------------------+------+---------+---------------+
| a     | Int32                | YES  |         | FIELD         |
| b     | TimestampMillisecond | NO   |         | TIME INDEX    |
+-------+----------------------+------+---------+---------------+

insert into test_a values(27, 27);

Affected Rows: 1

select * from test_a;

+----+-------------------------+
| a  | b                       |
+----+-------------------------+
| 27 | 1970-01-01T00:00:00.027 |
+----+-------------------------+

select a from test_a;

+----+
| a  |
+----+
| 27 |
+----+

select b from test_a;

+-------------------------+
| b                       |
+-------------------------+
| 1970-01-01T00:00:00.027 |
+-------------------------+

select TO_UNIXTIME(b) from test_a;

Error: 1003(Internal), Invalid argument error: column types must match schema types, expected Timestamp(Second, None) but found Int64 at column index 0

DROP TABLE test_a;

Affected Rows: 1

