create table demo(ts timestamp time index, `value` double, host string,idc string, collector string, primary key(host, idc, collector));

Affected Rows: 0

insert into demo values(1,2,'test1', 'idc1', 'disk') ,(2,3,'test2', 'idc1', 'disk'), (3,4,'test3', 'idc2','memory');

Affected Rows: 3

select * from demo where host='test1';

+-------------------------+-------+-------+------+-----------+
| ts                      | value | host  | idc  | collector |
+-------------------------+-------+-------+------+-----------+
| 1970-01-01T00:00:00.001 | 2.0   | test1 | idc1 | disk      |
+-------------------------+-------+-------+------+-----------+

select * from demo where host='test2';

+-------------------------+-------+-------+------+-----------+
| ts                      | value | host  | idc  | collector |
+-------------------------+-------+-------+------+-----------+
| 1970-01-01T00:00:00.002 | 3.0   | test2 | idc1 | disk      |
+-------------------------+-------+-------+------+-----------+

select * from demo where host='test3';

+-------------------------+-------+-------+------+-----------+
| ts                      | value | host  | idc  | collector |
+-------------------------+-------+-------+------+-----------+
| 1970-01-01T00:00:00.003 | 4.0   | test3 | idc2 | memory    |
+-------------------------+-------+-------+------+-----------+

select * from demo where host='test2' and idc='idc1';

+-------------------------+-------+-------+------+-----------+
| ts                      | value | host  | idc  | collector |
+-------------------------+-------+-------+------+-----------+
| 1970-01-01T00:00:00.002 | 3.0   | test2 | idc1 | disk      |
+-------------------------+-------+-------+------+-----------+

select * from demo where host='test2' and idc='idc1' and collector='disk';

+-------------------------+-------+-------+------+-----------+
| ts                      | value | host  | idc  | collector |
+-------------------------+-------+-------+------+-----------+
| 1970-01-01T00:00:00.002 | 3.0   | test2 | idc1 | disk      |
+-------------------------+-------+-------+------+-----------+

select * from demo where host='test2' and idc='idc2';

++
++

select * from demo where host='test3' and idc>'idc1';

+-------------------------+-------+-------+------+-----------+
| ts                      | value | host  | idc  | collector |
+-------------------------+-------+-------+------+-----------+
| 1970-01-01T00:00:00.003 | 4.0   | test3 | idc2 | memory    |
+-------------------------+-------+-------+------+-----------+

select * from demo where idc='idc1' order by ts;

+-------------------------+-------+-------+------+-----------+
| ts                      | value | host  | idc  | collector |
+-------------------------+-------+-------+------+-----------+
| 1970-01-01T00:00:00.001 | 2.0   | test1 | idc1 | disk      |
| 1970-01-01T00:00:00.002 | 3.0   | test2 | idc1 | disk      |
+-------------------------+-------+-------+------+-----------+

select * from demo where collector='disk' order by ts;

+-------------------------+-------+-------+------+-----------+
| ts                      | value | host  | idc  | collector |
+-------------------------+-------+-------+------+-----------+
| 1970-01-01T00:00:00.001 | 2.0   | test1 | idc1 | disk      |
| 1970-01-01T00:00:00.002 | 3.0   | test2 | idc1 | disk      |
+-------------------------+-------+-------+------+-----------+

-- SQLNESS REPLACE (-+) -
-- SQLNESS REPLACE (\s\s+) _
-- SQLNESS REPLACE (peers.*) REDACTED
-- SQLNESS REPLACE (metrics.*) REDACTED
-- SQLNESS REPLACE region=\d+\(\d+,\s+\d+\) region=REDACTED
explain analyze select * from demo where idc='idc1';

+-+-+-+
| stage | node | plan_|
+-+-+-+
| 0_| 0_|_MergeScanExec: REDACTED
|_|_|_|
| 1_| 0_|_SeqScan: region=REDACTED, partition_count=1 (1 memtable ranges, 0 file 0 ranges) REDACTED
|_|_|_|
|_|_| Total rows: 2_|
+-+-+-+

drop table demo;

Affected Rows: 0

