select 1;

+----------+
| Int64(1) |
+----------+
| 1        |
+----------+

select 2 + 3;

+---------------------+
| Int64(2) + Int64(3) |
+---------------------+
| 5                   |
+---------------------+

select 4 + 0.5;

+-------------------------+
| Int64(4) + Float64(0.5) |
+-------------------------+
| 4.5                     |
+-------------------------+

select "a";

Failed to do Flight get, addr: 127.0.0.1:4001, code: 3000, err_msg: Failed to execute sql statement, source: Failed to execute sql, source: Failure during query planning, source: Cannot plan SQL: SELECT "a", source: Schema error: No field named 'a'. Valid fields are .

select "A";

Failed to do Flight get, addr: 127.0.0.1:4001, code: 3000, err_msg: Failed to execute sql statement, source: Failed to execute sql, source: Failure during query planning, source: Cannot plan SQL: SELECT "A", source: Schema error: No field named 'A'. Valid fields are .

select * where "a" = "A";

Failed to do Flight get, addr: 127.0.0.1:4001, code: 3000, err_msg: Failed to execute sql statement, source: Failed to execute sql, source: Failure during query planning, source: Cannot plan SQL: SELECT * WHERE "a" = "A", source: Schema error: No field named 'a'. Valid fields are .

