-- Test casting from decimal to other types
-- Port from https://github.com/duckdb/duckdb/blob/main/test/sql/types/decimal/cast_from_decimal.test
-- and https://github.com/duckdb/duckdb/blob/main/test/sql/types/decimal/cast_to_decimal.test
-- tinyint
SELECT 127::DECIMAL(3,0)::TINYINT, -127::DECIMAL(3,0)::TINYINT, -7::DECIMAL(9,1)::TINYINT, 27::DECIMAL(18,1)::TINYINT, 33::DECIMAL(38,1)::TINYINT;

+------------+----------------+--------------+-----------+-----------+
| Int64(127) | (- Int64(127)) | (- Int64(7)) | Int64(27) | Int64(33) |
+------------+----------------+--------------+-----------+-----------+
| 127        | -127           | -7           | 27        | 33        |
+------------+----------------+--------------+-----------+-----------+

SELECT 128::DECIMAL(3,0)::TINYINT;

Error: 3001(EngineExecuteQuery), DataFusion error: Cast error: value of 128 is out of range Int8

SELECT -128::DECIMAL(9,0)::TINYINT;

Error: 3001(EngineExecuteQuery), DataFusion error: Cast error: value of 128 is out of range Int8

SELECT 128::DECIMAL(18,0)::TINYINT;

Error: 3001(EngineExecuteQuery), DataFusion error: Cast error: value of 128 is out of range Int8

SELECT 14751947891758972421513::DECIMAL(38,0)::TINYINT;

Error: 3001(EngineExecuteQuery), DataFusion error: Cast error: value of 14751947891758971486208 is out of range Int8

-- smallint
SELECT 127::DECIMAL(3,0)::SMALLINT, -32767::DECIMAL(5,0)::SMALLINT, -7::DECIMAL(9,1)::SMALLINT, 27::DECIMAL(18,1)::SMALLINT, 33::DECIMAL(38,1)::SMALLINT;

+------------+------------------+--------------+-----------+-----------+
| Int64(127) | (- Int64(32767)) | (- Int64(7)) | Int64(27) | Int64(33) |
+------------+------------------+--------------+-----------+-----------+
| 127        | -32767           | -7           | 27        | 33        |
+------------+------------------+--------------+-----------+-----------+

SELECT -32768::DECIMAL(9,0)::SMALLINT;

Error: 3001(EngineExecuteQuery), DataFusion error: Cast error: value of 32768 is out of range Int16

SELECT 32768::DECIMAL(18,0)::SMALLINT;

Error: 3001(EngineExecuteQuery), DataFusion error: Cast error: value of 32768 is out of range Int16

SELECT 14751947891758972421513::DECIMAL(38,0)::SMALLINT;

Error: 3001(EngineExecuteQuery), DataFusion error: Cast error: value of 14751947891758971486208 is out of range Int16

-- integer
SELECT 127::DECIMAL(3,0)::INTEGER, -2147483647::DECIMAL(10,0)::INTEGER, -7::DECIMAL(9,1)::INTEGER, 27::DECIMAL(18,1)::INTEGER, 33::DECIMAL(38,1)::INTEGER;

+------------+-----------------------+--------------+-----------+-----------+
| Int64(127) | (- Int64(2147483647)) | (- Int64(7)) | Int64(27) | Int64(33) |
+------------+-----------------------+--------------+-----------+-----------+
| 127        | -2147483647           | -7           | 27        | 33        |
+------------+-----------------------+--------------+-----------+-----------+

SELECT 2147483648::DECIMAL(18,0)::INTEGER;

Error: 3001(EngineExecuteQuery), DataFusion error: Cast error: value of 2147483648 is out of range Int32

SELECT 14751947891758972421513::DECIMAL(38,0)::INTEGER;

Error: 3001(EngineExecuteQuery), DataFusion error: Cast error: value of 14751947891758971486208 is out of range Int32

-- bigint
SELECT 127::DECIMAL(3,0)::BIGINT, -9223372036854775807::DECIMAL(19,0)::BIGINT, -7::DECIMAL(9,1)::BIGINT, 27::DECIMAL(18,1)::BIGINT, 33::DECIMAL(38,1)::BIGINT;

+------------+--------------------------------+--------------+-----------+-----------+
| Int64(127) | (- Int64(9223372036854775807)) | (- Int64(7)) | Int64(27) | Int64(33) |
+------------+--------------------------------+--------------+-----------+-----------+
| 127        | -9223372036854775807           | -7           | 27        | 33        |
+------------+--------------------------------+--------------+-----------+-----------+

SELECT 14751947891758972421513::DECIMAL(38,0)::BIGINT;

Error: 3001(EngineExecuteQuery), DataFusion error: Cast error: value of 14751947891758971486208 is out of range Int64

-- float
SELECT 127::DECIMAL(3,0)::FLOAT, -17014118346046923173168730371588410572::DECIMAL(38,0)::FLOAT, -7::DECIMAL(9,1)::FLOAT, 27::DECIMAL(18,1)::FLOAT, 33::DECIMAL(38,1)::FLOAT;

+------------+-----------------------------------------------------+--------------+-----------+-----------+
| Int64(127) | (- Float64(17014118346046924000000000000000000000)) | (- Int64(7)) | Int64(27) | Int64(33) |
+------------+-----------------------------------------------------+--------------+-----------+-----------+
| 127.0      | -1.7014119e37                                       | -7.0         | 27.0      | 33.0      |
+------------+-----------------------------------------------------+--------------+-----------+-----------+

-- double
SELECT 127::DECIMAL(3,0)::DOUBLE, -17014118346046923173168730371588410572::DECIMAL(38,0)::DOUBLE, -7::DECIMAL(9,1)::DOUBLE, 27::DECIMAL(18,1)::DOUBLE, 33::DECIMAL(38,1)::DOUBLE;

+------------+-----------------------------------------------------+--------------+-----------+-----------+
| Int64(127) | (- Float64(17014118346046924000000000000000000000)) | (- Int64(7)) | Int64(27) | Int64(33) |
+------------+-----------------------------------------------------+--------------+-----------+-----------+
| 127.0      | -1.7014118346046924e37                              | -7.0         | 27.0      | 33.0      |
+------------+-----------------------------------------------------+--------------+-----------+-----------+

-- Test casting from other types to decimal
-- tinyint
SELECT 100::TINYINT::DECIMAL(18,3), 200::TINYINT::DECIMAL(3,0), (-300)::TINYINT::DECIMAL(3,0), 0::TINYINT::DECIMAL(3,3);

Error: 3001(EngineExecuteQuery), DataFusion error: Cast error: Can't cast value 200 to type Int8

SELECT 100::TINYINT::DECIMAL(38,35), 200::TINYINT::DECIMAL(9,6);

Error: 3001(EngineExecuteQuery), DataFusion error: Cast error: Can't cast value 200 to type Int8

-- overflow
SELECT 100::TINYINT::DECIMAL(3,1);

Error: 3001(EngineExecuteQuery), DataFusion error: Invalid argument error: 1000 is too large to store in a Decimal128 of precision 3. Max is 999

SELECT 1::TINYINT::DECIMAL(3,3);

Error: 3001(EngineExecuteQuery), DataFusion error: Invalid argument error: 1000 is too large to store in a Decimal128 of precision 3. Max is 999

SELECT 100::TINYINT::DECIMAL(18,17);

Error: 3001(EngineExecuteQuery), DataFusion error: Invalid argument error: 10000000000000000000 is too large to store in a Decimal128 of precision 18. Max is 999999999999999999

SELECT 100::TINYINT::DECIMAL(9,7);

Error: 3001(EngineExecuteQuery), DataFusion error: Invalid argument error: 1000000000 is too large to store in a Decimal128 of precision 9. Max is 999999999

SELECT 100::TINYINT::DECIMAL(38,37);

Error: 3001(EngineExecuteQuery), DataFusion error: Compute error: Overflow happened on: 100 * 10000000000000000000000000000000000000

-- smallint
SELECT 100::SMALLINT::DECIMAL(18,3), 200::SMALLINT::DECIMAL(3,0), (-300)::SMALLINT::DECIMAL(3,0), 0::SMALLINT::DECIMAL(3,3);

+------------+------------+-------------+----------+
| Int64(100) | Int64(200) | Int64(-300) | Int64(0) |
+------------+------------+-------------+----------+
| 100.000    | 200        | -300        | 0.000    |
+------------+------------+-------------+----------+

SELECT 100::SMALLINT::DECIMAL(38,35), 200::SMALLINT::DECIMAL(9,6);

+-----------------------------------------+------------+
| Int64(100)                              | Int64(200) |
+-----------------------------------------+------------+
| 100.00000000000000000000000000000000000 | 200.000000 |
+-----------------------------------------+------------+

-- overflow
SELECT 100::SMALLINT::DECIMAL(3,1);

Error: 3001(EngineExecuteQuery), DataFusion error: Invalid argument error: 1000 is too large to store in a Decimal128 of precision 3. Max is 999

SELECT 1::SMALLINT::DECIMAL(3,3);

Error: 3001(EngineExecuteQuery), DataFusion error: Invalid argument error: 1000 is too large to store in a Decimal128 of precision 3. Max is 999

SELECT 100::SMALLINT::DECIMAL(18,17);

Error: 3001(EngineExecuteQuery), DataFusion error: Invalid argument error: 10000000000000000000 is too large to store in a Decimal128 of precision 18. Max is 999999999999999999

SELECT 100::SMALLINT::DECIMAL(9,7);

Error: 3001(EngineExecuteQuery), DataFusion error: Invalid argument error: 1000000000 is too large to store in a Decimal128 of precision 9. Max is 999999999

SELECT 100::SMALLINT::DECIMAL(38,37);

Error: 3001(EngineExecuteQuery), DataFusion error: Compute error: Overflow happened on: 100 * 10000000000000000000000000000000000000

-- integer
SELECT 100::INTEGER::DECIMAL(18,3), 200::INTEGER::DECIMAL(3,0), (-300)::INTEGER::DECIMAL(3,0), 0::INTEGER::DECIMAL(3,3);

+------------+------------+-------------+----------+
| Int64(100) | Int64(200) | Int64(-300) | Int64(0) |
+------------+------------+-------------+----------+
| 100.000    | 200        | -300        | 0.000    |
+------------+------------+-------------+----------+

SELECT 100::INTEGER::DECIMAL(38,35), 200::INTEGER::DECIMAL(9,6), 2147483647::INTEGER::DECIMAL(10,0), (-2147483647)::INTEGER::DECIMAL(10,0);

+-----------------------------------------+------------+-------------------+--------------------+
| Int64(100)                              | Int64(200) | Int64(2147483647) | Int64(-2147483647) |
+-----------------------------------------+------------+-------------------+--------------------+
| 100.00000000000000000000000000000000000 | 200.000000 | 2147483647        | -2147483647        |
+-----------------------------------------+------------+-------------------+--------------------+

-- overflow
SELECT 100::INTEGER::DECIMAL(3,1);

Error: 3001(EngineExecuteQuery), DataFusion error: Invalid argument error: 1000 is too large to store in a Decimal128 of precision 3. Max is 999

SELECT 10000000::INTEGER::DECIMAL(3,1);

Error: 3001(EngineExecuteQuery), DataFusion error: Invalid argument error: 100000000 is too large to store in a Decimal128 of precision 3. Max is 999

SELECT -10000000::INTEGER::DECIMAL(3,1);

Error: 3001(EngineExecuteQuery), DataFusion error: Invalid argument error: 100000000 is too large to store in a Decimal128 of precision 3. Max is 999

SELECT 1::INTEGER::DECIMAL(3,3);

Error: 3001(EngineExecuteQuery), DataFusion error: Invalid argument error: 1000 is too large to store in a Decimal128 of precision 3. Max is 999

SELECT 100::INTEGER::DECIMAL(18,17);

Error: 3001(EngineExecuteQuery), DataFusion error: Invalid argument error: 10000000000000000000 is too large to store in a Decimal128 of precision 18. Max is 999999999999999999

SELECT 100::INTEGER::DECIMAL(9,7);

Error: 3001(EngineExecuteQuery), DataFusion error: Invalid argument error: 1000000000 is too large to store in a Decimal128 of precision 9. Max is 999999999

SELECT 100::INTEGER::DECIMAL(38,37);

Error: 3001(EngineExecuteQuery), DataFusion error: Compute error: Overflow happened on: 100 * 10000000000000000000000000000000000000

-- bigint
SELECT 100::BIGINT::DECIMAL(18,3), 200::BIGINT::DECIMAL(3,0), (-100)::BIGINT::DECIMAL(3,0), 0::BIGINT::DECIMAL(3,3);

+------------+------------+-------------+----------+
| Int64(100) | Int64(200) | Int64(-100) | Int64(0) |
+------------+------------+-------------+----------+
| 100.000    | 200        | -100        | 0.000    |
+------------+------------+-------------+----------+

SELECT 100::BIGINT::DECIMAL(38,35), 200::BIGINT::DECIMAL(9,6), 9223372036854775807::BIGINT::DECIMAL(19,0), (-9223372036854775807)::BIGINT::DECIMAL(19,0);

+-----------------------------------------+------------+----------------------------+-----------------------------+
| Int64(100)                              | Int64(200) | Int64(9223372036854775807) | Int64(-9223372036854775807) |
+-----------------------------------------+------------+----------------------------+-----------------------------+
| 100.00000000000000000000000000000000000 | 200.000000 | 9223372036854775807        | -9223372036854775807        |
+-----------------------------------------+------------+----------------------------+-----------------------------+

SELECT 922337203685477580::BIGINT::DECIMAL(18,0), (-922337203685477580)::BIGINT::DECIMAL(18,0);

+---------------------------+----------------------------+
| Int64(922337203685477580) | Int64(-922337203685477580) |
+---------------------------+----------------------------+
| 922337203685477580        | -922337203685477580        |
+---------------------------+----------------------------+

-- overflow
SELECT 100::BIGINT::DECIMAL(3,1);

Error: 3001(EngineExecuteQuery), DataFusion error: Invalid argument error: 1000 is too large to store in a Decimal128 of precision 3. Max is 999

SELECT 10000000::BIGINT::DECIMAL(3,1);

Error: 3001(EngineExecuteQuery), DataFusion error: Invalid argument error: 100000000 is too large to store in a Decimal128 of precision 3. Max is 999

SELECT -10000000::BIGINT::DECIMAL(3,1);

Error: 3001(EngineExecuteQuery), DataFusion error: Invalid argument error: 100000000 is too large to store in a Decimal128 of precision 3. Max is 999

SELECT 1::BIGINT::DECIMAL(3,3);

Error: 3001(EngineExecuteQuery), DataFusion error: Invalid argument error: 1000 is too large to store in a Decimal128 of precision 3. Max is 999

SELECT 100::BIGINT::DECIMAL(18,17);

Error: 3001(EngineExecuteQuery), DataFusion error: Invalid argument error: 10000000000000000000 is too large to store in a Decimal128 of precision 18. Max is 999999999999999999

SELECT 100::BIGINT::DECIMAL(9,7);

Error: 3001(EngineExecuteQuery), DataFusion error: Invalid argument error: 1000000000 is too large to store in a Decimal128 of precision 9. Max is 999999999

SELECT 100::BIGINT::DECIMAL(38,37);

Error: 3001(EngineExecuteQuery), DataFusion error: Compute error: Overflow happened on: 100 * 10000000000000000000000000000000000000

-- float
SELECT 100::FLOAT::DECIMAL(18,3), 200::FLOAT::DECIMAL(3,0), (-300)::FLOAT::DECIMAL(3,0), 0::FLOAT::DECIMAL(3,3);

+------------+------------+-------------+----------+
| Int64(100) | Int64(200) | Int64(-300) | Int64(0) |
+------------+------------+-------------+----------+
| 100.000    | 200        | -300        | 0.000    |
+------------+------------+-------------+----------+

SELECT 100::FLOAT::DECIMAL(38,35)::FLOAT, 200::FLOAT::DECIMAL(9,6)::FLOAT, 17014118346046923173168730371588410572::FLOAT::DECIMAL(38,0)::FLOAT, (-17014118346046923173168730371588410572)::FLOAT::DECIMAL(38,0)::FLOAT;

+------------+------------+-------------------------------------------------+--------------------------------------------------+
| Int64(100) | Int64(200) | Float64(17014118346046924000000000000000000000) | Float64(-17014118346046924000000000000000000000) |
+------------+------------+-------------------------------------------------+--------------------------------------------------+
| 100.0      | 200.0      | 1.7014119e37                                    | -1.7014119e37                                    |
+------------+------------+-------------------------------------------------+--------------------------------------------------+

SELECT 1.25::FLOAT::DECIMAL(3,2);

+---------------+
| Float64(1.25) |
+---------------+
| 1.25          |
+---------------+

-- overflow
SELECT 100::FLOAT::DECIMAL(3,1);

+------------+
| Int64(100) |
+------------+
| 10.0       |
+------------+

SELECT 10000000::FLOAT::DECIMAL(3,1);

+-----------------+
| Int64(10000000) |
+-----------------+
| 10.0            |
+-----------------+

SELECT -10000000::FLOAT::DECIMAL(3,1);

+---------------------+
| (- Int64(10000000)) |
+---------------------+
| -10.0               |
+---------------------+

SELECT 1::FLOAT::DECIMAL(3,3);

+----------+
| Int64(1) |
+----------+
| .100     |
+----------+

SELECT 100::FLOAT::DECIMAL(18,17);

+---------------------+
| Int64(100)          |
+---------------------+
| 1.00000000000000000 |
+---------------------+

SELECT 100::FLOAT::DECIMAL(9,7);

+------------+
| Int64(100) |
+------------+
| 10.0000000 |
+------------+

SELECT 100::FLOAT::DECIMAL(38,37);

Error: 3001(EngineExecuteQuery), DataFusion error: Cast error: Cannot cast to Decimal128(38, 37). Overflowing on 100.0

-- Some controversial cases
SELECT 17014118346046923173168730371588410572::FLOAT::DECIMAL(38,1);

Error: 3001(EngineExecuteQuery), DataFusion error: Cast error: Cannot cast to Decimal128(38, 1). Overflowing on 1.7014119e37

SELECT 17014118346046923173168730371588410572::FLOAT::DECIMAL(37,0);

+-------------------------------------------------+
| Float64(17014118346046924000000000000000000000) |
+-------------------------------------------------+
| 1701411859957704321881461067092905164           |
+-------------------------------------------------+

SELECT 17014118346046923173168730371588410572::FLOAT::DECIMAL(18,0);

+-------------------------------------------------+
| Float64(17014118346046924000000000000000000000) |
+-------------------------------------------------+
| 170141185995770432                              |
+-------------------------------------------------+

SELECT 17014118346046923173168730371588410572::FLOAT::DECIMAL(9,0);

+-------------------------------------------------+
| Float64(17014118346046924000000000000000000000) |
+-------------------------------------------------+
| 170141185                                       |
+-------------------------------------------------+

SELECT 17014118346046923173168730371588410572::FLOAT::DECIMAL(4,0);

+-------------------------------------------------+
| Float64(17014118346046924000000000000000000000) |
+-------------------------------------------------+
| 1701                                            |
+-------------------------------------------------+

-- double
SELECT 100::DOUBLE::DECIMAL(18,3), 200::DOUBLE::DECIMAL(3,0), (-300)::DOUBLE::DECIMAL(3,0), 0::DOUBLE::DECIMAL(3,3);

+------------+------------+-------------+----------+
| Int64(100) | Int64(200) | Int64(-300) | Int64(0) |
+------------+------------+-------------+----------+
| 100.000    | 200        | -300        | 0.000    |
+------------+------------+-------------+----------+

SELECT 100::DOUBLE::DECIMAL(38,35)::DOUBLE, 200::DOUBLE::DECIMAL(9,6)::DOUBLE, 17014118346046923173168730371588410572::DOUBLE::DECIMAL(38,0)::DOUBLE, (-17014118346046923173168730371588410572)::DOUBLE::DECIMAL(38,0)::DOUBLE;

+------------+------------+-------------------------------------------------+--------------------------------------------------+
| Int64(100) | Int64(200) | Float64(17014118346046924000000000000000000000) | Float64(-17014118346046924000000000000000000000) |
+------------+------------+-------------------------------------------------+--------------------------------------------------+
| 100.0      | 200.0      | 1.7014118346046924e37                           | -1.7014118346046924e37                           |
+------------+------------+-------------------------------------------------+--------------------------------------------------+

SELECT 1.25::DOUBLE::DECIMAL(3,2);

+---------------+
| Float64(1.25) |
+---------------+
| 1.25          |
+---------------+

-- overflow
SELECT 100::DOUBLE::DECIMAL(3,1);

+------------+
| Int64(100) |
+------------+
| 10.0       |
+------------+

SELECT 10000000::DOUBLE::DECIMAL(3,1);

+-----------------+
| Int64(10000000) |
+-----------------+
| 10.0            |
+-----------------+

SELECT -10000000::DOUBLE::DECIMAL(3,1);

+---------------------+
| (- Int64(10000000)) |
+---------------------+
| -10.0               |
+---------------------+

SELECT 1::DOUBLE::DECIMAL(3,3);

+----------+
| Int64(1) |
+----------+
| .100     |
+----------+

SELECT 100::DOUBLE::DECIMAL(18,17);

+---------------------+
| Int64(100)          |
+---------------------+
| 1.00000000000000000 |
+---------------------+

SELECT 100::DOUBLE::DECIMAL(9,7);

+------------+
| Int64(100) |
+------------+
| 10.0000000 |
+------------+

SELECT 100::DOUBLE::DECIMAL(38,37);

Error: 3001(EngineExecuteQuery), DataFusion error: Cast error: Cannot cast to Decimal128(38, 37). Overflowing on 100.0

-- Some controversial cases
SELECT 17014118346046923173168730371588410572::DOUBLE::DECIMAL(38,1);

Error: 3001(EngineExecuteQuery), DataFusion error: Cast error: Cannot cast to Decimal128(38, 1). Overflowing on 1.7014118346046924e37

SELECT 17014118346046923173168730371588410572::DOUBLE::DECIMAL(37,0);

+-------------------------------------------------+
| Float64(17014118346046924000000000000000000000) |
+-------------------------------------------------+
| 1701411834604692411764202694551745331           |
+-------------------------------------------------+

SELECT 17014118346046923173168730371588410572::DOUBLE::DECIMAL(18,0);

+-------------------------------------------------+
| Float64(17014118346046924000000000000000000000) |
+-------------------------------------------------+
| 170141183460469241                              |
+-------------------------------------------------+

SELECT 17014118346046923173168730371588410572::DOUBLE::DECIMAL(9,0);

+-------------------------------------------------+
| Float64(17014118346046924000000000000000000000) |
+-------------------------------------------------+
| 170141183                                       |
+-------------------------------------------------+

SELECT 17014118346046923173168730371588410572::DOUBLE::DECIMAL(4,0);

+-------------------------------------------------+
| Float64(17014118346046924000000000000000000000) |
+-------------------------------------------------+
| 1701                                            |
+-------------------------------------------------+

