CREATE TABLE decimals(d DECIMAL(18,1) , ts timestamp time index);

Affected Rows: 0

INSERT INTO decimals VALUES (99000000000000000.0, 1000);

Affected Rows: 1

SELECT d + 1 FROM decimals;

+-----------------------+
| decimals.d + Int64(1) |
+-----------------------+
| 99000000000000001.0   |
+-----------------------+

SELECT d + 1000000000000000.0 FROM decimals;

+----------------------------------------+
| decimals.d + Float64(1000000000000000) |
+----------------------------------------+
| 1.0e17                                 |
+----------------------------------------+

SELECT -1 - d FROM decimals;

+------------------------+
| Int64(-1) - decimals.d |
+------------------------+
| -99000000000000001.0   |
+------------------------+

SELECT -1000000000000000.0 - d FROM decimals;

+-----------------------------------------+
| Float64(-1000000000000000) - decimals.d |
+-----------------------------------------+
| -1.0e17                                 |
+-----------------------------------------+

SELECT 1 * d FROM decimals;

+-----------------------+
| Int64(1) * decimals.d |
+-----------------------+
| 99000000000000000.0   |
+-----------------------+

SELECT 2 * d FROM decimals;

+-----------------------+
| Int64(2) * decimals.d |
+-----------------------+
| 198000000000000000.0  |
+-----------------------+

DROP TABLE decimals;

Affected Rows: 0

