CREATE TABLE integers(i BIGINT, time index(i));

MutateResult { success: 1, failure: 0 }

INSERT INTO integers VALUES (0), (1), (2), (3), (4), (5), (6), (7), (8), (9), (0), (1), (2), (3), (4), (5), (6), (7), (8), (9), (0), (1), (2), (3), (4), (5), (6), (7), (8), (9), (0), (1), (2), (3), (4), (5), (6), (7), (8), (9), (0), (1), (2), (3), (4), (5), (6), (7), (8), (9), (0), (1), (2), (3), (4), (5), (6), (7), (8), (9), (0), (1), (2), (3), (4), (5), (6), (7), (8), (9), (0), (1), (2), (3), (4), (5), (6), (7), (8), (9), (0), (1), (2), (3), (4), (5), (6), (7), (8), (9), (0), (1), (2), (3), (4), (5), (6), (7), (8), (9), (0), (1), (2), (3), (4), (5), (6), (7), (8), (9), (0), (1), (2), (3), (4), (5), (6), (7), (8), (9), (0), (1), (2), (3), (4), (5), (6), (7), (8), (9), (0), (1), (2), (3), (4), (5), (6), (7), (8), (9), (0), (1), (2), (3), (4), (5), (6), (7), (8), (9), (0), (1), (2), (3), (4), (5), (6), (7), (8), (9), (0), (1), (2), (3), (4), (5), (6), (7), (8), (9), (0), (1), (2), (3), (4), (5), (6), (7), (8), (9), (0), (1), (2), (3), (4), (5), (6), (7), (8), (9), (0), (1), (2), (3), (4), (5), (6), (7), (8), (9), (0), (1), (2), (3), (4), (5), (6), (7), (8), (9), (0), (1), (2), (3), (4), (5), (6), (7), (8), (9), (0), (1), (2), (3), (4), (5), (6), (7), (8), (9), (0), (1), (2), (3), (4), (5), (6), (7), (8), (9), (0), (1), (2), (3), (4), (5), (6), (7), (8), (9), (0), (1), (2), (3), (4), (5), (6), (7), (8), (9), (0), (1), (2), (3), (4), (5), (6), (7), (8), (9), (0), (1), (2), (3), (4), (5), (6), (7), (8), (9), (0), (1), (2), (3), (4), (5), (6), (7), (8), (9), (0), (1), (2), (3), (4), (5), (6), (7), (8), (9), (0), (1), (2), (3), (4), (5), (6), (7), (8), (9), (0), (1), (2), (3), (4), (5), (6), (7), (8), (9), (0), (1), (2), (3), (4), (5), (6), (7), (8), (9), (0), (1), (2), (3), (4), (5), (6), (7), (8), (9), (0), (1), (2), (3), (4), (5), (6), (7), (8), (9), (0), (1), (2), (3), (4), (5), (6), (7), (8), (9), (0), (1), (2), (3), (4), (5), (6), (7), (8), (9), (0), (1), (2), (3), (4), (5), (6), (7), (8), (9), (0), (1), (2), (3), (4), (5), (6), (7), (8), (9), (0), (1), (2), (3), (4), (5), (6), (7), (8), (9), (0), (1), (2), (3), (4), (5), (6), (7), (8), (9), (0), (1), (2), (3), (4), (5), (6), (7), (8), (9), (0), (1), (2), (3), (4), (5), (6), (7), (8), (9), (0), (1), (2), (3), (4), (5), (6), (7), (8), (9), (0), (1), (2), (3), (4), (5), (6), (7), (8), (9), (0), (1), (2), (3), (4), (5), (6), (7), (8), (9), (0), (1), (2), (3), (4), (5), (6), (7), (8), (9), (0), (1), (2), (3), (4), (5), (6), (7), (8), (9), (0), (1), (2), (3), (4), (5), (6), (7), (8), (9), (0), (1), (2), (3), (4), (5), (6), (7), (8), (9), (0), (1), (2), (3), (4), (5), (6), (7), (8), (9), (0), (1), (2), (3), (4), (5), (6), (7), (8), (9), (0), (1), (2), (3), (4), (5), (6), (7), (8), (9), (0), (1), (2), (3), (4), (5), (6), (7), (8), (9), (0), (1), (2), (3), (4), (5), (6), (7), (8), (9), (0), (1), (2), (3), (4), (5), (6), (7), (8), (9), (0), (1), (2), (3), (4), (5), (6), (7), (8), (9), (0), (1), (2), (3), (4), (5), (6), (7), (8), (9), (0), (1), (2), (3), (4), (5), (6), (7), (8), (9), (0), (1), (2), (3), (4), (5), (6), (7), (8), (9), (0), (1), (2), (3), (4), (5), (6), (7), (8), (9), (0), (1), (2), (3), (4), (5), (6), (7), (8), (9), (0), (1), (2), (3), (4), (5), (6), (7), (8), (9), (0), (1), (2), (3), (4), (5), (6), (7), (8), (9), (0), (1), (2), (3), (4), (5), (6), (7), (8), (9), (0), (1), (2), (3), (4), (5), (6), (7), (8), (9), (0), (1), (2), (3), (4), (5), (6), (7), (8), (9), (0), (1), (2), (3), (4), (5), (6), (7), (8), (9), (0), (1), (2), (3), (4), (5), (6), (7), (8), (9), (0), (1), (2), (3), (4), (5), (6), (7), (8), (9), (0), (1), (2), (3), (4), (5), (6), (7), (8), (9), (0), (1), (2), (3), (4), (5), (6), (7), (8), (9), (0), (1), (2), (3), (4), (5), (6), (7), (8), (9), (0), (1), (2), (3), (4), (5), (6), (7), (8), (9), (0), (1), (2), (3), (4), (5), (6), (7), (8), (9), (0), (1), (2), (3), (4), (5), (6), (7), (8), (9), (0), (1), (2), (3), (4), (5), (6), (7), (8), (9), (0), (1), (2), (3), (4), (5), (6), (7), (8), (9), (0), (1), (2), (3), (4), (5), (6), (7), (8), (9), (0), (1), (2), (3), (4), (5), (6), (7), (8), (9), (0), (1), (2), (3), (4), (5), (6), (7), (8), (9), (0), (1), (2), (3), (4), (5), (6), (7), (8), (9), (0), (1), (2), (3), (4), (5), (6), (7), (8), (9), (0), (1), (2), (3), (4), (5), (6), (7), (8), (9), (0), (1), (2), (3), (4), (5), (6), (7), (8), (9), (0), (1), (2), (3), (4), (5), (6), (7), (8), (9), (0), (1), (2), (3), (4), (5), (6), (7), (8), (9), (0), (1), (2), (3), (4), (5), (6), (7), (8), (9), (0), (1), (2), (3), (4), (5), (6), (7), (8), (9), (0), (1), (2), (3), (4), (5), (6), (7), (8), (9), (0), (1), (2), (3), (4), (5), (6), (7), (8), (9), (0), (1), (2), (3), (4), (5), (6), (7), (8), (9), (0), (1), (2), (3), (4), (5), (6), (7), (8), (9), (0), (1), (2), (3), (4), (5), (6), (7), (8), (9), (0), (1), (2), (3), (4), (5), (6), (7), (8), (9), (0), (1), (2), (3), (4), (5), (6), (7), (8), (9), (0), (1), (2), (3), (4), (5), (6), (7), (8), (9), (0), (1), (2), (3), (4), (5), (6), (7), (8), (9), (0), (1), (2), (3), (4), (5), (6), (7), (8), (9), (0), (1), (2), (3), (4), (5), (6), (7), (8), (9), (0), (1), (2), (3), (4), (5), (6), (7), (8), (9), (0), (1), (2), (3), (4), (5), (6), (7), (8), (9), (0), (1), (2), (3), (4), (5), (6), (7), (8), (9), (0), (1), (2), (3), (4), (5), (6), (7), (8), (9), (0), (1), (2), (3), (4), (5), (6), (7), (8), (9);

MutateResult { success: 1050, failure: 0 }

SELECT COUNT(*) FROM integers;

+---------------------------------+
| COUNT(UInt8(1)), #Field, #Int64 |
+---------------------------------+
| 10                              |
+---------------------------------+

DROP TABLE integers;

MutateResult { success: 1, failure: 0 }

CREATE TABLE integers(i BIGINT, j INTEGER, time index(i));

MutateResult { success: 1, failure: 0 }

INSERT INTO integers VALUES (3, 4), (4, 3);

MutateResult { success: 2, failure: 0 }

SELECT * FROM integers;

+-----------------------+-------------------+
| i, #Timestamp, #Int64 | j, #Field, #Int32 |
+-----------------------+-------------------+
| 3                     | 4                 |
| 4                     | 3                 |
+-----------------------+-------------------+

DROP TABLE integers;

MutateResult { success: 1, failure: 0 }

