-- description: Test scanning many big varchar strings with limited memory
CREATE TABLE test (a VARCHAR, ts timestamp_s time index);

Affected Rows: 0

-- create a big varchar (10K characters)
INSERT INTO test VALUES ('aaaaaaaaaa', 1);

Affected Rows: 1

-- sizes: 10, 100, 1000, 10000
INSERT INTO test SELECT a||a||a||a||a||a||a||a||a||a, to_unixtime(ts) * 3 FROM test WHERE LENGTH(a)=(SELECT MAX(LENGTH(a)) FROM test);

Affected Rows: 1

INSERT INTO test SELECT a||a||a||a||a||a||a||a||a||a, to_unixtime(ts) * 5 FROM test WHERE LENGTH(a)=(SELECT MAX(LENGTH(a)) FROM test);

Affected Rows: 1

INSERT INTO test SELECT a||a||a||a||a||a||a||a||a||a, to_unixtime(ts) * 7 FROM test WHERE LENGTH(a)=(SELECT MAX(LENGTH(a)) FROM test);

Affected Rows: 1

-- now create a second table, we only insert the big varchar string in there
CREATE TABLE bigtable (a VARCHAR, ts timestamp_s time index);

Affected Rows: 0

INSERT INTO bigtable SELECT a, ts FROM test WHERE LENGTH(a)=(SELECT MAX(LENGTH(a)) FROM test);

Affected Rows: 1

-- verify that the append worked
SELECT COUNT(*), COUNT(a), MAX(LENGTH(a)), SUM(LENGTH(a)) FROM bigtable;

+----------+-------------------+-----------------------------------+-----------------------------------+
| COUNT(*) | COUNT(bigtable.a) | MAX(character_length(bigtable.a)) | SUM(character_length(bigtable.a)) |
+----------+-------------------+-----------------------------------+-----------------------------------+
| 1        | 1                 | 10000                             | 10000                             |
+----------+-------------------+-----------------------------------+-----------------------------------+

-- we create a total of 16K entries in the big table
-- the total size of this table is 16K*10K = 160MB
-- we then scan the table at every step, as our buffer pool is limited to 100MB not all strings fit in memory
INSERT INTO bigtable SELECT a, to_unixtime(ts) * 11 FROM bigtable;

Affected Rows: 1

SELECT COUNT(*), COUNT(a), MAX(LENGTH(a)), SUM(LENGTH(a)) FROM bigtable;

+----------+-------------------+-----------------------------------+-----------------------------------+
| COUNT(*) | COUNT(bigtable.a) | MAX(character_length(bigtable.a)) | SUM(character_length(bigtable.a)) |
+----------+-------------------+-----------------------------------+-----------------------------------+
| 2        | 2                 | 10000                             | 20000                             |
+----------+-------------------+-----------------------------------+-----------------------------------+

INSERT INTO bigtable SELECT a, to_unixtime(ts) * 23 FROM bigtable;

Affected Rows: 2

SELECT COUNT(*), COUNT(a), MAX(LENGTH(a)), SUM(LENGTH(a)) FROM bigtable;

+----------+-------------------+-----------------------------------+-----------------------------------+
| COUNT(*) | COUNT(bigtable.a) | MAX(character_length(bigtable.a)) | SUM(character_length(bigtable.a)) |
+----------+-------------------+-----------------------------------+-----------------------------------+
| 4        | 4                 | 10000                             | 40000                             |
+----------+-------------------+-----------------------------------+-----------------------------------+

INSERT INTO bigtable SELECT a, to_unixtime(ts) * 31 FROM bigtable;

Affected Rows: 4

SELECT COUNT(*), COUNT(a), MAX(LENGTH(a)), SUM(LENGTH(a)) FROM bigtable;

+----------+-------------------+-----------------------------------+-----------------------------------+
| COUNT(*) | COUNT(bigtable.a) | MAX(character_length(bigtable.a)) | SUM(character_length(bigtable.a)) |
+----------+-------------------+-----------------------------------+-----------------------------------+
| 8        | 8                 | 10000                             | 80000                             |
+----------+-------------------+-----------------------------------+-----------------------------------+

INSERT INTO bigtable SELECT a, to_unixtime(ts) * 37 FROM bigtable;

Affected Rows: 8

SELECT COUNT(*), COUNT(a), MAX(LENGTH(a)), SUM(LENGTH(a)) FROM bigtable;

+----------+-------------------+-----------------------------------+-----------------------------------+
| COUNT(*) | COUNT(bigtable.a) | MAX(character_length(bigtable.a)) | SUM(character_length(bigtable.a)) |
+----------+-------------------+-----------------------------------+-----------------------------------+
| 16       | 16                | 10000                             | 160000                            |
+----------+-------------------+-----------------------------------+-----------------------------------+

INSERT INTO bigtable SELECT a, to_unixtime(ts) * 41 FROM bigtable;

Affected Rows: 16

SELECT COUNT(*), COUNT(a), MAX(LENGTH(a)), SUM(LENGTH(a)) FROM bigtable;

+----------+-------------------+-----------------------------------+-----------------------------------+
| COUNT(*) | COUNT(bigtable.a) | MAX(character_length(bigtable.a)) | SUM(character_length(bigtable.a)) |
+----------+-------------------+-----------------------------------+-----------------------------------+
| 32       | 32                | 10000                             | 320000                            |
+----------+-------------------+-----------------------------------+-----------------------------------+

INSERT INTO bigtable SELECT a, to_unixtime(ts) * 47 FROM bigtable;

Affected Rows: 32

SELECT COUNT(*), COUNT(a), MAX(LENGTH(a)), SUM(LENGTH(a)) FROM bigtable;

+----------+-------------------+-----------------------------------+-----------------------------------+
| COUNT(*) | COUNT(bigtable.a) | MAX(character_length(bigtable.a)) | SUM(character_length(bigtable.a)) |
+----------+-------------------+-----------------------------------+-----------------------------------+
| 64       | 64                | 10000                             | 640000                            |
+----------+-------------------+-----------------------------------+-----------------------------------+

INSERT INTO bigtable SELECT a, to_unixtime(ts) * 51 FROM bigtable;

Affected Rows: 64

SELECT COUNT(*), COUNT(a), MAX(LENGTH(a)), SUM(LENGTH(a)) FROM bigtable;

+----------+-------------------+-----------------------------------+-----------------------------------+
| COUNT(*) | COUNT(bigtable.a) | MAX(character_length(bigtable.a)) | SUM(character_length(bigtable.a)) |
+----------+-------------------+-----------------------------------+-----------------------------------+
| 128      | 128               | 10000                             | 1280000                           |
+----------+-------------------+-----------------------------------+-----------------------------------+

INSERT INTO bigtable SELECT a, to_unixtime(ts) * 53 FROM bigtable;

Affected Rows: 128

SELECT COUNT(*), COUNT(a), MAX(LENGTH(a)), SUM(LENGTH(a)) FROM bigtable;

+----------+-------------------+-----------------------------------+-----------------------------------+
| COUNT(*) | COUNT(bigtable.a) | MAX(character_length(bigtable.a)) | SUM(character_length(bigtable.a)) |
+----------+-------------------+-----------------------------------+-----------------------------------+
| 256      | 256               | 10000                             | 2560000                           |
+----------+-------------------+-----------------------------------+-----------------------------------+

INSERT INTO bigtable SELECT a, to_unixtime(ts) * 57 FROM bigtable;

Affected Rows: 256

SELECT COUNT(*), COUNT(a), MAX(LENGTH(a)), SUM(LENGTH(a)) FROM bigtable;

+----------+-------------------+-----------------------------------+-----------------------------------+
| COUNT(*) | COUNT(bigtable.a) | MAX(character_length(bigtable.a)) | SUM(character_length(bigtable.a)) |
+----------+-------------------+-----------------------------------+-----------------------------------+
| 512      | 512               | 10000                             | 5120000                           |
+----------+-------------------+-----------------------------------+-----------------------------------+

INSERT INTO bigtable SELECT a, to_unixtime(ts) * 61 FROM bigtable;

Affected Rows: 512

SELECT COUNT(*), COUNT(a), MAX(LENGTH(a)), SUM(LENGTH(a)) FROM bigtable;

+----------+-------------------+-----------------------------------+-----------------------------------+
| COUNT(*) | COUNT(bigtable.a) | MAX(character_length(bigtable.a)) | SUM(character_length(bigtable.a)) |
+----------+-------------------+-----------------------------------+-----------------------------------+
| 1024     | 1024              | 10000                             | 10240000                          |
+----------+-------------------+-----------------------------------+-----------------------------------+

INSERT INTO bigtable SELECT a, to_unixtime(ts) * 63 FROM bigtable;

Affected Rows: 1024

SELECT COUNT(*), COUNT(a), MAX(LENGTH(a)), SUM(LENGTH(a)) FROM bigtable;

+----------+-------------------+-----------------------------------+-----------------------------------+
| COUNT(*) | COUNT(bigtable.a) | MAX(character_length(bigtable.a)) | SUM(character_length(bigtable.a)) |
+----------+-------------------+-----------------------------------+-----------------------------------+
| 2048     | 2048              | 10000                             | 20480000                          |
+----------+-------------------+-----------------------------------+-----------------------------------+

INSERT INTO bigtable SELECT a, to_unixtime(ts) * 67 FROM bigtable;

Affected Rows: 2048

SELECT COUNT(*), COUNT(a), MAX(LENGTH(a)), SUM(LENGTH(a)) FROM bigtable;

+----------+-------------------+-----------------------------------+-----------------------------------+
| COUNT(*) | COUNT(bigtable.a) | MAX(character_length(bigtable.a)) | SUM(character_length(bigtable.a)) |
+----------+-------------------+-----------------------------------+-----------------------------------+
| 4096     | 4096              | 10000                             | 40960000                          |
+----------+-------------------+-----------------------------------+-----------------------------------+

INSERT INTO bigtable SELECT a, to_unixtime(ts) * 71 FROM bigtable;

Affected Rows: 4096

SELECT COUNT(*), COUNT(a), MAX(LENGTH(a)), SUM(LENGTH(a)) FROM bigtable;

+----------+-------------------+-----------------------------------+-----------------------------------+
| COUNT(*) | COUNT(bigtable.a) | MAX(character_length(bigtable.a)) | SUM(character_length(bigtable.a)) |
+----------+-------------------+-----------------------------------+-----------------------------------+
| 8192     | 8192              | 10000                             | 81920000                          |
+----------+-------------------+-----------------------------------+-----------------------------------+

-- SQLNESS ARG restart=true
SELECT COUNT(*), COUNT(a), MAX(LENGTH(a)), SUM(LENGTH(a)) FROM bigtable;

+----------+-------------------+-----------------------------------+-----------------------------------+
| COUNT(*) | COUNT(bigtable.a) | MAX(character_length(bigtable.a)) | SUM(character_length(bigtable.a)) |
+----------+-------------------+-----------------------------------+-----------------------------------+
| 8192     | 8192              | 10000                             | 81920000                          |
+----------+-------------------+-----------------------------------+-----------------------------------+

INSERT INTO bigtable SELECT a, to_unixtime(ts) * 73 FROM bigtable;

Affected Rows: 8192

SELECT COUNT(*), COUNT(a), MAX(LENGTH(a)), SUM(LENGTH(a)) FROM bigtable;

+----------+-------------------+-----------------------------------+-----------------------------------+
| COUNT(*) | COUNT(bigtable.a) | MAX(character_length(bigtable.a)) | SUM(character_length(bigtable.a)) |
+----------+-------------------+-----------------------------------+-----------------------------------+
| 16384    | 16384             | 10000                             | 163840000                         |
+----------+-------------------+-----------------------------------+-----------------------------------+

INSERT INTO bigtable SELECT a, to_unixtime(ts) * 79 FROM bigtable;

Affected Rows: 16384

SELECT COUNT(*), COUNT(a), MAX(LENGTH(a)), SUM(LENGTH(a)) FROM bigtable;

+----------+-------------------+-----------------------------------+-----------------------------------+
| COUNT(*) | COUNT(bigtable.a) | MAX(character_length(bigtable.a)) | SUM(character_length(bigtable.a)) |
+----------+-------------------+-----------------------------------+-----------------------------------+
| 32768    | 32768             | 10000                             | 327680000                         |
+----------+-------------------+-----------------------------------+-----------------------------------+

DROP TABLE test;

Affected Rows: 0

DROP TABLE bigtable;

Affected Rows: 0

