-- test ttl = instant
CREATE TABLE distinct_basic (
    number INT,
    ts TIMESTAMP DEFAULT CURRENT_TIMESTAMP,
    PRIMARY KEY(number),
    TIME INDEX(ts)
)WITH ('ttl' = 'instant');

Affected Rows: 0

-- should fail
-- SQLNESS REPLACE id=\d+ id=REDACTED
CREATE FLOW test_distinct_basic SINK TO out_distinct_basic AS
SELECT
    DISTINCT number as dis
FROM
    distinct_basic;

Error: 3001(EngineExecuteQuery), Unsupported: Source table `greptime.public.distinct_basic`(id=REDACTED) has instant TTL, Instant TTL is not supported under batching mode. Consider using a TTL longer than flush interval

ALTER TABLE distinct_basic SET 'ttl' = '5s';

Affected Rows: 0

CREATE FLOW test_distinct_basic SINK TO out_distinct_basic AS
SELECT
    DISTINCT number as dis
FROM
    distinct_basic;

Affected Rows: 0

-- SQLNESS ARG restart=true
SELECT 1;

+----------+
| Int64(1) |
+----------+
| 1        |
+----------+

-- SQLNESS SLEEP 3s
INSERT INTO
    distinct_basic
VALUES
    (20, "2021-07-01 00:00:00.200"),
    (20, "2021-07-01 00:00:00.200"),
    (22, "2021-07-01 00:00:00.600");

Affected Rows: 3

-- SQLNESS REPLACE (ADMIN\sFLUSH_FLOW\('\w+'\)\s+\|\n\+-+\+\n\|\s+)[0-9]+\s+\| $1 FLOW_FLUSHED  |
ADMIN FLUSH_FLOW('test_distinct_basic');

+-----------------------------------------+
| ADMIN FLUSH_FLOW('test_distinct_basic') |
+-----------------------------------------+
|  FLOW_FLUSHED  |
+-----------------------------------------+

SHOW CREATE TABLE distinct_basic;

+----------------+-----------------------------------------------------------+
| Table          | Create Table                                              |
+----------------+-----------------------------------------------------------+
| distinct_basic | CREATE TABLE IF NOT EXISTS "distinct_basic" (             |
|                |   "number" INT NULL,                                      |
|                |   "ts" TIMESTAMP(3) NOT NULL DEFAULT current_timestamp(), |
|                |   TIME INDEX ("ts"),                                      |
|                |   PRIMARY KEY ("number")                                  |
|                | )                                                         |
|                |                                                           |
|                | ENGINE=mito                                               |
|                | WITH(                                                     |
|                |   ttl = '5s'                                              |
|                | )                                                         |
+----------------+-----------------------------------------------------------+

SHOW CREATE TABLE out_distinct_basic;

+--------------------+---------------------------------------------------+
| Table              | Create Table                                      |
+--------------------+---------------------------------------------------+
| out_distinct_basic | CREATE TABLE IF NOT EXISTS "out_distinct_basic" ( |
|                    |   "dis" INT NULL,                                 |
|                    |   "update_at" TIMESTAMP(3) NULL,                  |
|                    |   "__ts_placeholder" TIMESTAMP(3) NOT NULL,       |
|                    |   TIME INDEX ("__ts_placeholder"),                |
|                    |   PRIMARY KEY ("dis")                             |
|                    | )                                                 |
|                    |                                                   |
|                    | ENGINE=mito                                       |
|                    |                                                   |
+--------------------+---------------------------------------------------+

SELECT
    dis
FROM
    out_distinct_basic;

+-----+
| dis |
+-----+
| 20  |
| 22  |
+-----+

SELECT number FROM distinct_basic;

+--------+
| number |
+--------+
| 20     |
| 22     |
+--------+

-- SQLNESS SLEEP 6s
ADMIN FLUSH_TABLE('distinct_basic');

+-------------------------------------+
| ADMIN FLUSH_TABLE('distinct_basic') |
+-------------------------------------+
| 0                                   |
+-------------------------------------+

INSERT INTO
    distinct_basic
VALUES
    (23, "2021-07-01 00:00:01.600");

Affected Rows: 1

-- SQLNESS REPLACE (ADMIN\sFLUSH_FLOW\('\w+'\)\s+\|\n\+-+\+\n\|\s+)[0-9]+\s+\| $1 FLOW_FLUSHED  |
ADMIN FLUSH_FLOW('test_distinct_basic');

+-----------------------------------------+
| ADMIN FLUSH_FLOW('test_distinct_basic') |
+-----------------------------------------+
|  FLOW_FLUSHED  |
+-----------------------------------------+

SHOW CREATE TABLE distinct_basic;

+----------------+-----------------------------------------------------------+
| Table          | Create Table                                              |
+----------------+-----------------------------------------------------------+
| distinct_basic | CREATE TABLE IF NOT EXISTS "distinct_basic" (             |
|                |   "number" INT NULL,                                      |
|                |   "ts" TIMESTAMP(3) NOT NULL DEFAULT current_timestamp(), |
|                |   TIME INDEX ("ts"),                                      |
|                |   PRIMARY KEY ("number")                                  |
|                | )                                                         |
|                |                                                           |
|                | ENGINE=mito                                               |
|                | WITH(                                                     |
|                |   ttl = '5s'                                              |
|                | )                                                         |
+----------------+-----------------------------------------------------------+

SHOW CREATE TABLE out_distinct_basic;

+--------------------+---------------------------------------------------+
| Table              | Create Table                                      |
+--------------------+---------------------------------------------------+
| out_distinct_basic | CREATE TABLE IF NOT EXISTS "out_distinct_basic" ( |
|                    |   "dis" INT NULL,                                 |
|                    |   "update_at" TIMESTAMP(3) NULL,                  |
|                    |   "__ts_placeholder" TIMESTAMP(3) NOT NULL,       |
|                    |   TIME INDEX ("__ts_placeholder"),                |
|                    |   PRIMARY KEY ("dis")                             |
|                    | )                                                 |
|                    |                                                   |
|                    | ENGINE=mito                                       |
|                    |                                                   |
+--------------------+---------------------------------------------------+

SELECT
    dis
FROM
    out_distinct_basic;

+-----+
| dis |
+-----+
| 20  |
| 22  |
| 23  |
+-----+

SELECT number FROM distinct_basic;

+--------+
| number |
+--------+
| 23     |
+--------+

DROP FLOW test_distinct_basic;

Affected Rows: 0

DROP TABLE distinct_basic;

Affected Rows: 0

DROP TABLE out_distinct_basic;

Affected Rows: 0

