-- common test
SELECT INTERVAL '1 year 2 months 3 days 4 hours 5 minutes 6 seconds 100 microseconds';

+---------------------------------------------------------------------------------------------------+
| IntervalMonthDayNano("IntervalMonthDayNano { months: 14, days: 3, nanoseconds: 14706000100000 }") |
+---------------------------------------------------------------------------------------------------+
| 14 mons 3 days 4 hours 5 mins 6.000100000 secs                                                    |
+---------------------------------------------------------------------------------------------------+

SELECT INTERVAL '1.5 year';

+--------------------------------------------------------------------------------------+
| IntervalMonthDayNano("IntervalMonthDayNano { months: 18, days: 0, nanoseconds: 0 }") |
+--------------------------------------------------------------------------------------+
| 18 mons                                                                              |
+--------------------------------------------------------------------------------------+

SELECT INTERVAL '-2 months';

+--------------------------------------------------------------------------------------+
| IntervalMonthDayNano("IntervalMonthDayNano { months: -2, days: 0, nanoseconds: 0 }") |
+--------------------------------------------------------------------------------------+
| -2 mons                                                                              |
+--------------------------------------------------------------------------------------+

SELECT '3 hours'::INTERVAL;

+--------------------------------------------------------------------------------------------------+
| IntervalMonthDayNano("IntervalMonthDayNano { months: 0, days: 0, nanoseconds: 10800000000000 }") |
+--------------------------------------------------------------------------------------------------+
| 3 hours                                                                                          |
+--------------------------------------------------------------------------------------------------+

SELECT INTERVAL '1 year 2 months 3 days 4 hours' + INTERVAL '1 year';

+------------------------------------------------------------------------------------------------------------------------------------------------------------------------------------------+
| IntervalMonthDayNano("IntervalMonthDayNano { months: 14, days: 3, nanoseconds: 14400000000000 }") + IntervalMonthDayNano("IntervalMonthDayNano { months: 12, days: 0, nanoseconds: 0 }") |
+------------------------------------------------------------------------------------------------------------------------------------------------------------------------------------------+
| 26 mons 3 days 4 hours                                                                                                                                                                   |
+------------------------------------------------------------------------------------------------------------------------------------------------------------------------------------------+

SELECT INTERVAL '1 year 2 months 3 days 4 hours' - INTERVAL '1 year';

+------------------------------------------------------------------------------------------------------------------------------------------------------------------------------------------+
| IntervalMonthDayNano("IntervalMonthDayNano { months: 14, days: 3, nanoseconds: 14400000000000 }") - IntervalMonthDayNano("IntervalMonthDayNano { months: 12, days: 0, nanoseconds: 0 }") |
+------------------------------------------------------------------------------------------------------------------------------------------------------------------------------------------+
| 2 mons 3 days 4 hours                                                                                                                                                                    |
+------------------------------------------------------------------------------------------------------------------------------------------------------------------------------------------+

SELECT INTERVAL '6 years' * 2;

Error: 3000(PlanQuery), Failed to plan SQL: Error during planning: Cannot coerce arithmetic expression Interval(MonthDayNano) * Int64 to valid types

SELECT INTERVAL '6 years' / 2;

Error: 3000(PlanQuery), Failed to plan SQL: Error during planning: Cannot coerce arithmetic expression Interval(MonthDayNano) / Int64 to valid types

SELECT INTERVAL '6 years' = INTERVAL '72 months';

+-----------------------------------------------------------------------------------------------------------------------------------------------------------------------------+
| IntervalMonthDayNano("IntervalMonthDayNano { months: 72, days: 0, nanoseconds: 0 }") = IntervalMonthDayNano("IntervalMonthDayNano { months: 72, days: 0, nanoseconds: 0 }") |
+-----------------------------------------------------------------------------------------------------------------------------------------------------------------------------+
| true                                                                                                                                                                        |
+-----------------------------------------------------------------------------------------------------------------------------------------------------------------------------+

SELECT arrow_typeof(INTERVAL '1 month');

+---------------------------------------------------------------------------------------------------+
| arrow_typeof(IntervalMonthDayNano("IntervalMonthDayNano { months: 1, days: 0, nanoseconds: 0 }")) |
+---------------------------------------------------------------------------------------------------+
| Interval(MonthDayNano)                                                                            |
+---------------------------------------------------------------------------------------------------+

-- INTERVAL + TIME CONSTANT
SELECT current_time() + INTERVAL '1 hour';

Error: 3000(PlanQuery), Failed to plan SQL: Error during planning: Cannot coerce arithmetic expression Time64(Nanosecond) + Interval(MonthDayNano) to valid types

-- table with interval type test
CREATE TABLE IF NOT EXISTS intervals(
  ts TIMESTAMP TIME INDEX,
  interval_value INTERVAL,
);

Affected Rows: 0

DESCRIBE TABLE intervals;

+----------------+----------------------+-----+------+---------+---------------+
| Column         | Type                 | Key | Null | Default | Semantic Type |
+----------------+----------------------+-----+------+---------+---------------+
| ts             | TimestampMillisecond | PRI | NO   |         | TIMESTAMP     |
| interval_value | IntervalMonthDayNano |     | YES  |         | FIELD         |
+----------------+----------------------+-----+------+---------+---------------+

INSERT INTO intervals(ts, interval_value)
values
('2022-01-01 00:00:01', INTERVAL '1 year'),
('2022-01-01 00:00:02', INTERVAL '1 year'),
('2022-02-01 00:00:01', INTERVAL '2 year 2 months'),
('2022-03-01 00:00:01', INTERVAL '3 year 3 hours'),
('2022-04-01 00:00:01', INTERVAL '4 year 4 minutes'),
('2022-05-01 00:00:01', INTERVAL '5 year 5 seconds'),
('2022-06-01 00:00:01', INTERVAL '6 year 6 milliseconds'),
('2022-07-01 00:00:01', INTERVAL '7 year 7 microseconds'),
('2022-08-01 00:00:01', INTERVAL '8 year 8 nanoseconds'),
('2022-09-01 00:00:01', INTERVAL '9 year 9 days'),
('2022-10-01 00:00:01', INTERVAL '10 year 10 hours 10 minutes 10 seconds 10 milliseconds 10 microseconds 10 nanoseconds'),
('2022-11-01 00:00:01', INTERVAL '11 year 11 days 11 hours 11 minutes 11 seconds 11 milliseconds 11 microseconds 11 nanoseconds'),
('2022-12-01 00:00:01', INTERVAL '12 year 12 days 12 hours 12 minutes 12 seconds 12 milliseconds 12 microseconds 12 nanoseconds');

Affected Rows: 13

SELECT * FROM intervals;

+---------------------+-----------------------------------------------------+
| ts                  | interval_value                                      |
+---------------------+-----------------------------------------------------+
| 2022-01-01T00:00:01 | 12 mons                                             |
| 2022-01-01T00:00:02 | 12 mons                                             |
| 2022-02-01T00:00:01 | 26 mons                                             |
| 2022-03-01T00:00:01 | 36 mons 3 hours                                     |
| 2022-04-01T00:00:01 | 48 mons 4 mins                                      |
| 2022-05-01T00:00:01 | 60 mons 5.000000000 secs                            |
| 2022-06-01T00:00:01 | 72 mons 0.006000000 secs                            |
| 2022-07-01T00:00:01 | 84 mons 0.000007000 secs                            |
| 2022-08-01T00:00:01 | 96 mons 0.000000008 secs                            |
| 2022-09-01T00:00:01 | 108 mons 9 days                                     |
| 2022-10-01T00:00:01 | 120 mons 10 hours 10 mins 10.010010010 secs         |
| 2022-11-01T00:00:01 | 132 mons 11 days 11 hours 11 mins 11.011011011 secs |
| 2022-12-01T00:00:01 | 144 mons 12 days 12 hours 12 mins 12.012012012 secs |
+---------------------+-----------------------------------------------------+

SELECT DISTINCT interval_value FROM intervals ORDER BY interval_value;

+-----------------------------------------------------+
| interval_value                                      |
+-----------------------------------------------------+
| 12 mons                                             |
| 26 mons                                             |
| 36 mons 3 hours                                     |
| 48 mons 4 mins                                      |
| 60 mons 5.000000000 secs                            |
| 72 mons 0.006000000 secs                            |
| 84 mons 0.000007000 secs                            |
| 96 mons 0.000000008 secs                            |
| 108 mons 9 days                                     |
| 120 mons 10 hours 10 mins 10.010010010 secs         |
| 132 mons 11 days 11 hours 11 mins 11.011011011 secs |
| 144 mons 12 days 12 hours 12 mins 12.012012012 secs |
+-----------------------------------------------------+

-- ts + interval
SELECT ts + interval_value as new_value from intervals;

+-------------------------+
| new_value               |
+-------------------------+
| 2023-01-01T00:00:01     |
| 2023-01-01T00:00:02     |
| 2024-04-01T00:00:01     |
| 2025-03-01T03:00:01     |
| 2026-04-01T00:04:01     |
| 2027-05-01T00:00:06     |
| 2028-06-01T00:00:01.006 |
| 2029-07-01T00:00:01     |
| 2030-08-01T00:00:01     |
| 2031-09-10T00:00:01     |
| 2032-10-01T10:10:11.010 |
| 2033-11-12T11:11:12.011 |
| 2034-12-13T12:12:13.012 |
+-------------------------+

-- ts - interval
SELECT ts - interval_value as new_value from intervals;

+-------------------------+
| new_value               |
+-------------------------+
| 2021-01-01T00:00:01     |
| 2021-01-01T00:00:02     |
| 2019-12-01T00:00:01     |
| 2019-02-28T21:00:01     |
| 2018-03-31T23:56:01     |
| 2017-04-30T23:59:56     |
| 2016-06-01T00:00:00.994 |
| 2015-07-01T00:00:00.999 |
| 2014-08-01T00:00:00.999 |
| 2013-08-23T00:00:01     |
| 2012-09-30T13:49:50.989 |
| 2011-10-20T12:48:49.988 |
| 2010-11-18T11:47:48.987 |
+-------------------------+

-- DATE + INTERVAL
SELECT DATE '2000-10-30' + interval_value from intervals;

+-----------------------------------------------+
| Utf8("2000-10-30") + intervals.interval_value |
+-----------------------------------------------+
| 2001-10-30                                    |
| 2001-10-30                                    |
| 2002-12-30                                    |
| 2003-10-30                                    |
| 2004-10-30                                    |
| 2005-10-30                                    |
| 2006-10-30                                    |
| 2007-10-30                                    |
| 2008-10-30                                    |
| 2009-11-08                                    |
| 2010-10-30                                    |
| 2011-11-10                                    |
| 2012-11-11                                    |
+-----------------------------------------------+

-- DATE - INTERVAL
SELECT DATE '2000-10-30' - interval_value from intervals;

+-----------------------------------------------+
| Utf8("2000-10-30") - intervals.interval_value |
+-----------------------------------------------+
| 1999-10-30                                    |
| 1999-10-30                                    |
| 1998-08-30                                    |
| 1997-10-30                                    |
| 1996-10-30                                    |
| 1995-10-30                                    |
| 1994-10-30                                    |
| 1993-10-30                                    |
| 1992-10-30                                    |
| 1991-10-21                                    |
| 1990-10-30                                    |
| 1989-10-19                                    |
| 1988-10-18                                    |
+-----------------------------------------------+

-- INTERVAL + TIMESTAMP CONSTANT
SELECT TIMESTAMP '1992-09-20 11:30:00.123456' + interval_value as new_value from intervals;

+-------------------------------+
| new_value                     |
+-------------------------------+
| 1993-09-20T11:30:00.123456    |
| 1993-09-20T11:30:00.123456    |
| 1994-11-20T11:30:00.123456    |
| 1995-09-20T14:30:00.123456    |
| 1996-09-20T11:34:00.123456    |
| 1997-09-20T11:30:05.123456    |
| 1998-09-20T11:30:00.129456    |
| 1999-09-20T11:30:00.123463    |
| 2000-09-20T11:30:00.123456008 |
| 2001-09-29T11:30:00.123456    |
| 2002-09-20T21:40:10.133466010 |
| 2003-10-01T22:41:11.134467011 |
| 2004-10-02T23:42:12.135468012 |
+-------------------------------+

-- TIMESTAMP CONSTANT - INTERVAL
SELECT TIMESTAMP '1992-09-20 11:30:00.123456' - interval_value as new_value from intervals;

+-------------------------------+
| new_value                     |
+-------------------------------+
| 1991-09-20T11:30:00.123456    |
| 1991-09-20T11:30:00.123456    |
| 1990-07-20T11:30:00.123456    |
| 1989-09-20T08:30:00.123456    |
| 1988-09-20T11:26:00.123456    |
| 1987-09-20T11:29:55.123456    |
| 1986-09-20T11:30:00.117456    |
| 1985-09-20T11:30:00.123449    |
| 1984-09-20T11:30:00.123455992 |
| 1983-09-11T11:30:00.123456    |
| 1982-09-20T01:19:50.113445990 |
| 1981-09-09T00:18:49.112444989 |
| 1980-09-07T23:17:48.111443988 |
+-------------------------------+

-- Interval shortened names
SELECT INTERVAL '55h';

+---------------------------------------------------------------------------------------------------+
| IntervalMonthDayNano("IntervalMonthDayNano { months: 0, days: 0, nanoseconds: 198000000000000 }") |
+---------------------------------------------------------------------------------------------------+
| 55 hours                                                                                          |
+---------------------------------------------------------------------------------------------------+

SELECT INTERVAL '-2mon';

+--------------------------------------------------------------------------------------+
| IntervalMonthDayNano("IntervalMonthDayNano { months: -2, days: 0, nanoseconds: 0 }") |
+--------------------------------------------------------------------------------------+
| -2 mons                                                                              |
+--------------------------------------------------------------------------------------+

SELECT INTERVAL '-1h5m';

+--------------------------------------------------------------------------------------------------+
| IntervalMonthDayNano("IntervalMonthDayNano { months: 0, days: 0, nanoseconds: -3300000000000 }") |
+--------------------------------------------------------------------------------------------------+
| -55 mins                                                                                         |
+--------------------------------------------------------------------------------------------------+

SELECT INTERVAL '-1h-5m';

+--------------------------------------------------------------------------------------------------+
| IntervalMonthDayNano("IntervalMonthDayNano { months: 0, days: 0, nanoseconds: -3900000000000 }") |
+--------------------------------------------------------------------------------------------------+
| -1 hours -5 mins                                                                                 |
+--------------------------------------------------------------------------------------------------+

SELECT INTERVAL '1y2w3d4h';

+----------------------------------------------------------------------------------------------------+
| IntervalMonthDayNano("IntervalMonthDayNano { months: 12, days: 17, nanoseconds: 14400000000000 }") |
+----------------------------------------------------------------------------------------------------+
| 12 mons 17 days 4 hours                                                                            |
+----------------------------------------------------------------------------------------------------+

SELECT '3y2mon'::INTERVAL;

+--------------------------------------------------------------------------------------+
| IntervalMonthDayNano("IntervalMonthDayNano { months: 38, days: 0, nanoseconds: 0 }") |
+--------------------------------------------------------------------------------------+
| 38 mons                                                                              |
+--------------------------------------------------------------------------------------+

SELECT INTERVAL '7 days' - INTERVAL '1d';

+---------------------------------------------------------------------------------------------------------------------------------------------------------------------------+
| IntervalMonthDayNano("IntervalMonthDayNano { months: 0, days: 7, nanoseconds: 0 }") - IntervalMonthDayNano("IntervalMonthDayNano { months: 0, days: 1, nanoseconds: 0 }") |
+---------------------------------------------------------------------------------------------------------------------------------------------------------------------------+
| 6 days                                                                                                                                                                    |
+---------------------------------------------------------------------------------------------------------------------------------------------------------------------------+

SELECT INTERVAL '2h' + INTERVAL '1h';

+---------------------------------------------------------------------------------------------------------------------------------------------------------------------------------------------------+
| IntervalMonthDayNano("IntervalMonthDayNano { months: 0, days: 0, nanoseconds: 7200000000000 }") + IntervalMonthDayNano("IntervalMonthDayNano { months: 0, days: 0, nanoseconds: 3600000000000 }") |
+---------------------------------------------------------------------------------------------------------------------------------------------------------------------------------------------------+
| 3 hours                                                                                                                                                                                           |
+---------------------------------------------------------------------------------------------------------------------------------------------------------------------------------------------------+

-- Interval ISO 8601
SELECT INTERVAL 'p3y3m700dt133h17m36.789s';

+------------------------------------------------------------------------------------------------------+
| IntervalMonthDayNano("IntervalMonthDayNano { months: 0, days: 0, nanoseconds: 163343856789000000 }") |
+------------------------------------------------------------------------------------------------------+
| 45373 hours 17 mins 36.789000000 secs                                                                |
+------------------------------------------------------------------------------------------------------+

SELECT INTERVAL '-P3Y3M700DT133H17M36.789S';

+-------------------------------------------------------------------------------------------------------+
| IntervalMonthDayNano("IntervalMonthDayNano { months: 0, days: 0, nanoseconds: -163343856789000000 }") |
+-------------------------------------------------------------------------------------------------------+
| -45373 hours -17 mins -36.789000000 secs                                                              |
+-------------------------------------------------------------------------------------------------------+

SELECT 'P3Y3M700DT133H17M36.789S'::INTERVAL;

+------------------------------------------------------------------------------------------------------+
| IntervalMonthDayNano("IntervalMonthDayNano { months: 0, days: 0, nanoseconds: 163343856789000000 }") |
+------------------------------------------------------------------------------------------------------+
| 45373 hours 17 mins 36.789000000 secs                                                                |
+------------------------------------------------------------------------------------------------------+

SELECT INTERVAL '2h' + INTERVAL 'P3Y3M700DT133H17M36.789S';

+--------------------------------------------------------------------------------------------------------------------------------------------------------------------------------------------------------+
| IntervalMonthDayNano("IntervalMonthDayNano { months: 0, days: 0, nanoseconds: 7200000000000 }") + IntervalMonthDayNano("IntervalMonthDayNano { months: 0, days: 0, nanoseconds: 163343856789000000 }") |
+--------------------------------------------------------------------------------------------------------------------------------------------------------------------------------------------------------+
| 45375 hours 17 mins 36.789000000 secs                                                                                                                                                                  |
+--------------------------------------------------------------------------------------------------------------------------------------------------------------------------------------------------------+

-- Interval type does not support aggregation functions.
SELECT min(interval_value) from intervals;

+-------------------------------+
| min(intervals.interval_value) |
+-------------------------------+
| 12 mons                       |
+-------------------------------+

SELECT max(interval_value) from intervals;

+-----------------------------------------------------+
| max(intervals.interval_value)                       |
+-----------------------------------------------------+
| 144 mons 12 days 12 hours 12 mins 12.012012012 secs |
+-----------------------------------------------------+

SELECT sum(interval_value) from intervals;

Error: 3000(PlanQuery), Failed to plan SQL: Error during planning: Execution error: User-defined coercion failed with Execution("Sum not supported for Interval(MonthDayNano)") No function matches the given name and argument types 'sum(Interval(MonthDayNano))'. You might need to add explicit type casts.
	Candidate functions:
	sum(UserDefined)

SELECT avg(interval_value) from intervals;

Error: 3000(PlanQuery), Failed to plan SQL: Error during planning: Execution error: User-defined coercion failed with Plan("The function \"avg\" does not support inputs of type Interval(MonthDayNano).") No function matches the given name and argument types 'avg(Interval(MonthDayNano))'. You might need to add explicit type casts.
	Candidate functions:
	avg(UserDefined)

DROP TABLE intervals;

Affected Rows: 0

