CREATE TABLE integers(i BIGINT TIME INDEX);

Affected Rows: 0

INSERT INTO integers VALUES (0), (1), (2), (3), (4);

Affected Rows: 5

SELECT * FROM integers UNION ALL SELECT * FROM integers LIMIT 7;

+---+
| i |
+---+
| 0 |
| 1 |
| 2 |
| 3 |
| 4 |
| 0 |
| 1 |
+---+

SELECT COUNT(*) FROM (SELECT * FROM integers UNION ALL SELECT * FROM integers LIMIT 7) tbl;

+-----------------+
| COUNT(UInt8(1)) |
+-----------------+
| 7               |
+-----------------+

DROP TABLE integers;

Affected Rows: 1

